id_venda,id_cliente,id_produto,quantidade,data_pedido
1,395,25,10,2026-01-09
2,480,34,5,2026-05-14
3,995,36,1,2025-10-02
4,697,47,2,2025-09-23
5,699,35,5,2026-05-21
6,788,42,6,2026-04-15
7,115,19,7,2025-09-23
8,162,30,1,2025-12-30
9,977,47,5,2025-09-19
10,996,33,3,2026-07-12
11,520,7,5,2025-08-27
12,862,41,9,2026-03-26
13,624,13,3,2025-08-23
14,383,49,3,2025-09-30
15,553,50,9,2025-12-15
16,941,1,10,2026-05-10
17,332,32,1,2026-02-21
18,115,24,5,2026-01-19
19,246,4,4,2025-11-11
20,900,37,2,2026-07-16
21,88,47,8,2026-05-12
22,836,5,9,2025-10-29
23,785,9,3,2025-11-27
24,676,31,9,2025-10-21
25,170,17,9,2025-12-29
26,894,39,7,2025-10-27
27,988,14,9,2025-08-16
28,774,47,4,2025-10-16
29,731,20,7,2026-04-07
30,688,42,6,2026-04-12
31,449,34,8,2025-11-30
32,124,16,4,2026-02-18
33,66,22,1,2025-10-05
34,603,36,4,2026-05-26
35,603,15,1,2025-10-15
36,73,46,1,2025-09-13
37,235,5,1,2025-08-20
38,881,22,2,2026-03-04
39,527,16,5,2026-01-03
40,686,32,4,2026-02-20
41,553,9,10,2026-07-15
42,591,31,4,2026-06-22
43,804,31,7,2026-03-10
44,195,7,2,2025-12-09
45,675,28,6,2025-09-30
46,434,27,8,2026-03-18
47,885,47,1,2025-12-27
48,690,42,2,2025-08-18
49,63,26,6,2026-06-09
50,820,7,4,2025-10-21
51,197,13,9,2026-06-17
52,460,9,7,2026-08-11
53,188,18,8,2025-12-18
54,256,5,8,2025-12-29
55,828,36,2,2026-05-28
56,52,42,9,2026-06-04
57,857,1,2,2026-05-08
58,949,49,4,2025-08-12
59,171,27,8,2026-07-18
60,493,14,7,2026-04-30
61,925,4,3,2026-03-08
62,389,1,7,2025-12-16
63,272,30,5,2026-05-24
64,434,45,9,2026-03-13
65,678,46,8,2026-06-09
66,159,13,5,2026-05-23
67,223,4,10,2025-11-03
68,754,35,1,2026-01-25
69,766,21,1,2025-10-02
70,52,38,8,2025-10-20
71,515,34,3,2026-07-20
72,59,33,2,2026-03-01
73,872,12,2,2026-02-25
74,610,5,4,2025-12-31
75,414,8,10,2026-05-18
76,253,38,10,2025-09-28
77,41,40,2,2026-06-17
78,430,43,10,2025-11-14
79,579,34,6,2025-09-08
80,958,17,4,2026-05-10
81,686,46,6,2025-10-08
82,245,17,7,2025-10-02
83,135,43,5,2026-02-04
84,469,21,2,2025-08-31
85,10,30,10,2025-09-26
86,577,7,2,2026-03-24
87,551,14,9,2026-02-03
88,272,9,6,2026-03-04
89,903,5,4,2025-11-21
90,379,19,3,2025-10-11
91,449,35,5,2026-03-26
92,627,42,9,2026-01-21
93,9,43,9,2026-05-03
94,307,43,2,2025-09-12
95,962,9,5,2026-01-14
96,119,7,9,2026-03-16
97,160,18,5,2026-01-09
98,620,14,6,2025-09-28
99,209,44,5,2026-06-22
100,518,32,5,2026-02-22
101,928,4,2,2026-07-23
102,650,28,5,2025-09-20
103,46,1,6,2025-12-06
104,790,9,5,2026-07-26
105,166,48,8,2025-10-09
106,565,46,7,2026-06-29
107,575,1,2,2026-03-31
108,78,45,3,2025-08-14
109,559,3,6,2026-04-25
110,597,36,3,2026-06-25
111,441,9,1,2025-08-23
112,316,24,1,2025-09-02
113,921,23,4,2025-08-18
114,699,16,2,2025-12-22
115,363,50,9,2026-07-09
116,906,27,10,2026-07-28
117,768,10,4,2026-03-06
118,886,11,3,2026-05-20
119,903,27,1,2026-01-24
120,184,48,6,2026-01-13
121,802,27,4,2026-05-26
122,274,11,2,2026-03-27
123,392,3,8,2025-12-25
124,228,13,8,2026-03-15
125,359,20,4,2026-05-23
126,229,2,4,2025-12-17
127,409,22,5,2025-11-24
128,886,5,5,2026-06-16
129,360,42,9,2026-07-24
130,410,44,9,2025-11-11
131,340,2,2,2026-06-16
132,899,17,3,2025-10-01
133,595,17,1,2026-06-04
134,112,39,7,2026-01-27
135,354,47,6,2025-08-12
136,447,39,9,2025-08-28
137,119,25,10,2025-09-02
138,195,17,1,2025-09-24
139,726,28,1,2026-05-25
140,533,35,4,2025-09-25
141,373,28,2,2025-10-26
142,972,43,6,2026-06-03
143,639,21,2,2026-05-08
144,738,20,9,2026-01-10
145,317,43,7,2025-11-04
146,335,26,5,2026-01-23
147,568,9,4,2025-11-21
148,431,43,7,2026-07-23
149,694,48,3,2026-02-06
150,631,37,5,2026-01-14
151,416,36,1,2025-08-27
152,312,19,4,2025-08-16
153,441,38,10,2025-09-16
154,671,21,8,2026-05-04
155,453,29,4,2025-12-24
156,524,31,3,2025-09-20
157,675,6,5,2026-03-16
158,528,43,10,2026-06-25
159,344,6,4,2025-09-20
160,689,20,4,2025-12-15
161,826,13,3,2025-09-03
162,26,3,4,2025-09-11
163,487,40,2,2026-02-14
164,467,27,10,2026-01-08
165,200,46,7,2025-09-18
166,507,26,4,2025-08-31
167,152,42,1,2026-04-29
168,915,49,2,2025-12-11
169,798,28,4,2026-08-01
170,181,45,9,2026-06-05
171,476,4,9,2025-11-25
172,256,8,8,2026-08-02
173,137,30,9,2026-07-27
174,573,39,6,2026-02-08
175,973,49,8,2025-10-24
176,628,47,9,2026-01-05
177,437,36,8,2025-09-22
178,919,11,8,2025-10-22
179,461,17,4,2025-08-18
180,861,41,5,2026-01-18
181,785,50,9,2025-12-17
182,497,41,4,2026-06-22
183,282,29,2,2026-04-16
184,731,19,4,2026-01-22
185,279,22,6,2026-04-26
186,915,35,2,2026-03-18
187,142,10,4,2026-02-09
188,393,45,3,2025-10-25
189,724,14,2,2026-03-05
190,425,27,6,2025-12-12
191,556,30,7,2026-08-12
192,64,14,7,2026-06-02
193,399,50,10,2026-05-23
194,969,45,1,2026-03-22
195,878,49,10,2025-10-08
196,390,31,1,2026-06-04
197,966,23,5,2026-07-21
198,772,25,7,2026-07-15
199,552,48,9,2026-06-14
200,820,39,4,2026-07-03
201,500,15,5,2026-01-18
202,447,32,1,2025-10-05
203,399,22,7,2025-12-19
204,742,11,8,2025-09-04
205,942,9,10,2025-11-08
206,547,2,7,2025-10-01
207,607,37,1,2026-06-20
208,86,42,7,2025-08-18
209,139,30,3,2025-09-02
210,52,17,7,2025-11-17
211,336,14,8,2026-01-10
212,335,22,7,2025-09-17
213,285,49,7,2026-07-31
214,259,6,8,2026-03-29
215,20,48,9,2025-08-21
216,54,23,4,2025-09-05
217,666,5,1,2025-09-23
218,773,2,4,2026-01-22
219,205,2,10,2026-02-05
220,157,16,3,2026-01-30
221,485,43,2,2026-07-12
222,578,14,8,2025-08-25
223,717,17,6,2026-05-13
224,172,39,10,2025-11-16
225,987,48,2,2025-11-06
226,797,11,5,2026-05-20
227,111,38,1,2026-03-02
228,952,20,10,2026-06-08
229,694,25,7,2026-03-06
230,965,46,4,2026-04-25
231,78,38,4,2026-04-27
232,105,45,5,2026-04-23
233,871,44,10,2026-03-10
234,825,8,10,2025-12-05
235,802,3,6,2026-04-13
236,546,28,6,2026-04-28
237,71,33,6,2025-12-05
238,13,27,8,2025-10-13
239,109,28,6,2025-11-13
240,651,30,3,2026-03-22
241,446,12,9,2025-08-25
242,989,42,5,2026-03-15
243,631,35,8,2026-04-05
244,477,28,10,2026-03-18
245,275,21,4,2026-02-09
246,851,6,5,2026-07-12
247,903,29,4,2026-05-25
248,769,30,10,2026-02-21
249,625,43,7,2026-02-08
250,345,2,8,2025-11-01
251,872,21,3,2025-09-04
252,500,14,6,2026-01-28
253,817,17,6,2026-01-19
254,287,39,5,2025-09-25
255,570,1,9,2026-01-10
256,971,13,2,2026-03-20
257,248,47,7,2026-05-13
258,501,36,4,2025-09-18
259,708,31,8,2026-07-10
260,459,2,2,2026-07-27
261,302,15,7,2025-10-05
262,709,16,5,2026-02-05
263,680,38,6,2026-07-26
264,485,36,9,2026-02-05
265,353,28,9,2026-03-08
266,339,23,8,2025-11-10
267,278,20,5,2026-06-12
268,237,8,4,2026-05-17
269,324,8,9,2026-01-18
270,974,49,3,2025-10-28
271,197,14,8,2026-04-21
272,284,47,10,2026-02-16
273,779,34,10,2026-03-16
274,290,7,4,2025-11-25
275,304,15,6,2026-03-08
276,184,20,1,2025-09-22
277,726,35,3,2026-03-23
278,281,3,1,2026-06-03
279,567,19,3,2025-09-05
280,654,49,8,2026-06-09
281,106,1,10,2025-11-16
282,292,31,8,2026-07-01
283,452,22,3,2026-06-18
284,989,4,5,2026-07-27
285,964,31,2,2025-10-02
286,842,5,7,2025-10-29
287,504,5,10,2025-08-30
288,645,44,1,2026-01-27
289,156,10,10,2026-07-08
290,972,20,2,2026-06-16
291,255,8,9,2025-09-19
292,783,27,10,2026-01-09
293,611,40,4,2026-06-15
294,795,34,7,2026-04-10
295,462,29,5,2026-04-10
296,881,38,7,2026-03-30
297,313,37,10,2026-04-10
298,62,40,2,2025-11-14
299,971,49,4,2026-06-18
300,641,14,5,2026-07-08
301,677,6,3,2026-02-27
302,246,12,9,2026-08-03
303,77,11,1,2025-09-11
304,419,29,10,2025-12-25
305,482,19,1,2026-04-25
306,238,19,5,2026-03-25
307,720,30,2,2026-02-15
308,704,15,5,2026-02-12
309,807,41,10,2026-08-10
310,678,13,7,2026-03-14
311,118,35,4,2026-07-07
312,664,10,5,2026-07-06
313,847,10,2,2025-09-11
314,62,11,5,2026-01-21
315,610,48,10,2025-08-20
316,944,19,8,2026-06-14
317,128,30,5,2026-02-12
318,717,26,5,2026-03-15
319,513,35,8,2025-11-26
320,449,6,10,2026-04-11
321,41,28,6,2025-08-23
322,619,17,1,2026-06-08
323,94,15,10,2025-09-06
324,602,2,5,2026-02-28
325,591,3,3,2026-01-05
326,482,34,8,2025-11-15
327,939,18,3,2026-02-23
328,600,28,8,2025-10-09
329,993,6,8,2025-09-25
330,357,27,6,2026-07-24
331,329,43,2,2026-07-01
332,879,11,6,2026-02-19
333,422,45,8,2026-05-08
334,296,43,7,2025-11-05
335,834,49,9,2026-08-06
336,38,30,2,2026-08-02
337,323,17,6,2025-12-26
338,119,50,7,2026-07-19
339,886,33,1,2026-02-25
340,674,35,8,2025-09-03
341,424,4,4,2025-08-21
342,531,24,10,2026-02-25
343,775,32,8,2026-01-12
344,779,4,4,2025-12-07
345,274,36,3,2026-04-12
346,950,19,8,2026-06-11
347,902,45,8,2025-10-16
348,125,2,10,2025-10-20
349,819,16,3,2026-03-06
350,319,36,1,2025-11-29
351,566,27,2,2026-01-06
352,231,8,8,2026-05-18
353,970,8,3,2026-04-13
354,511,46,5,2026-07-19
355,522,46,5,2026-02-14
356,426,31,8,2026-02-10
357,250,30,9,2026-06-07
358,149,25,4,2025-11-18
359,944,39,9,2025-10-11
360,765,9,2,2026-04-14
361,283,50,7,2026-03-04
362,349,33,5,2026-02-12
363,841,1,5,2026-01-28
364,744,20,10,2026-05-14
365,594,43,8,2026-03-11
366,887,10,8,2026-08-12
367,552,31,6,2026-07-18
368,341,36,9,2026-02-02
369,387,30,6,2026-04-01
370,891,13,4,2025-11-17
371,586,25,4,2026-03-15
372,877,50,7,2025-11-03
373,45,21,8,2025-09-24
374,723,25,7,2026-07-09
375,680,42,3,2025-09-13
376,508,3,3,2026-03-12
377,515,38,6,2025-09-22
378,891,7,8,2026-01-15
379,103,34,8,2026-02-08
380,16,47,3,2026-03-01
381,420,42,3,2025-11-10
382,77,31,5,2026-02-06
383,347,40,7,2026-04-15
384,666,6,6,2026-06-03
385,873,44,9,2026-03-02
386,390,21,8,2025-11-02
387,894,35,1,2026-05-03
388,633,5,4,2025-12-19
389,647,44,5,2026-05-24
390,233,48,2,2026-01-27
391,445,7,2,2026-05-31
392,455,11,5,2026-06-02
393,926,2,1,2026-04-14
394,333,4,5,2026-01-04
395,368,24,7,2025-11-27
396,150,16,9,2025-08-28
397,422,37,3,2026-03-21
398,175,12,2,2026-01-13
399,625,25,10,2026-04-03
400,700,16,8,2026-06-13
401,935,38,3,2025-12-27
402,238,30,5,2026-02-28
403,471,17,1,2026-05-02
404,921,30,5,2026-07-20
405,694,35,3,2026-01-16
406,76,29,6,2025-11-17
407,602,20,7,2026-02-15
408,707,17,8,2025-10-06
409,866,20,4,2026-01-21
410,394,31,2,2025-10-06
411,243,25,10,2025-12-13
412,368,37,5,2025-12-31
413,717,19,1,2025-10-09
414,850,43,7,2026-07-19
415,282,1,10,2026-03-12
416,886,44,1,2025-11-08
417,933,39,8,2026-03-30
418,853,19,4,2025-11-20
419,622,23,4,2026-02-28
420,652,13,10,2025-08-12
421,257,44,3,2026-08-01
422,644,7,1,2026-07-29
423,317,29,1,2026-05-23
424,594,24,3,2025-11-17
425,93,19,6,2026-01-05
426,766,27,3,2026-04-23
427,206,9,9,2025-11-03
428,898,24,9,2025-08-27
429,514,18,3,2026-01-18
430,264,31,5,2026-08-07
431,765,22,2,2026-01-03
432,480,5,3,2025-10-06
433,773,15,7,2026-08-08
434,991,36,6,2026-02-20
435,93,26,1,2026-03-20
436,271,35,2,2025-09-05
437,466,24,5,2025-08-20
438,599,25,6,2026-06-12
439,111,44,4,2025-09-13
440,483,2,10,2025-09-08
441,906,36,6,2026-08-12
442,938,40,4,2025-09-22
443,664,5,8,2026-07-05
444,932,45,5,2026-08-10
445,665,27,2,2025-11-10
446,144,3,1,2026-04-10
447,312,32,2,2026-08-08
448,100,16,9,2026-04-03
449,139,25,8,2025-10-10
450,380,43,9,2026-06-08
451,430,38,3,2025-10-25
452,907,27,2,2026-01-08
453,854,32,10,2025-11-05
454,418,18,1,2026-02-01
455,707,24,4,2026-01-08
456,455,29,4,2025-08-12
457,876,24,2,2025-10-19
458,703,24,9,2025-11-10
459,924,42,6,2026-07-14
460,63,26,5,2025-12-07
461,195,8,8,2026-02-15
462,94,43,4,2026-01-05
463,658,41,10,2026-05-24
464,995,2,1,2026-04-25
465,806,22,4,2026-07-11
466,129,37,4,2025-12-21
467,71,49,9,2026-07-27
468,213,38,4,2026-05-13
469,833,15,6,2026-02-09
470,793,10,10,2025-11-15
471,3,18,3,2026-03-25
472,134,35,5,2026-01-15
473,818,12,2,2026-04-07
474,677,2,3,2026-06-27
475,16,23,4,2026-04-24
476,603,21,1,2025-11-20
477,179,17,1,2026-05-27
478,130,48,7,2026-01-11
479,539,8,2,2026-06-17
480,488,29,6,2026-01-31
481,526,38,2,2026-05-09
482,463,33,4,2026-07-06
483,969,40,1,2026-07-18
484,745,43,9,2025-09-04
485,309,30,1,2026-02-16
486,63,31,7,2026-04-25
487,437,44,2,2026-03-17
488,503,46,8,2026-03-09
489,76,6,6,2026-02-28
490,623,10,2,2025-08-27
491,130,18,10,2026-02-26
492,649,38,9,2026-07-10
493,730,21,7,2025-08-13
494,612,34,5,2026-01-05
495,465,33,10,2026-06-12
496,441,7,2,2025-10-04
497,874,42,9,2025-11-19
498,739,14,7,2026-01-21
499,463,15,7,2026-01-10
500,348,30,7,2026-06-18
501,426,47,2,2025-09-19
502,321,28,6,2025-11-02
503,682,17,6,2025-12-09
504,977,10,8,2025-10-18
505,69,6,2,2026-01-03
506,96,28,2,2025-12-27
507,763,48,6,2025-11-16
508,832,9,9,2026-01-13
509,62,38,9,2026-04-11
510,576,22,2,2026-03-25
511,421,23,7,2026-07-12
512,889,47,1,2026-04-24
513,992,19,10,2026-03-12
514,320,23,2,2026-04-23
515,592,33,4,2026-03-01
516,159,43,8,2025-12-04
517,230,7,6,2026-02-13
518,866,36,6,2026-03-07
519,118,49,5,2026-04-21
520,588,15,7,2026-06-25
521,866,36,10,2025-12-09
522,629,44,9,2026-03-15
523,27,39,5,2026-08-05
524,30,12,5,2026-06-02
525,720,49,5,2025-08-30
526,944,22,6,2025-09-26
527,7,12,3,2025-09-30
528,580,43,7,2026-03-19
529,72,10,1,2025-10-17
530,94,48,9,2026-06-17
531,221,25,7,2026-05-24
532,465,22,3,2026-08-11
533,379,20,6,2025-11-10
534,796,37,10,2026-07-17
535,87,4,3,2026-07-03
536,162,49,10,2025-08-28
537,51,44,2,2025-09-22
538,279,29,7,2026-02-01
539,498,39,8,2026-01-13
540,425,18,4,2026-05-05
541,774,33,2,2025-11-03
542,354,28,2,2026-03-18
543,291,44,10,2026-05-14
544,499,34,5,2026-03-03
545,47,15,7,2026-01-03
546,614,4,1,2026-01-13
547,210,20,4,2025-11-10
548,786,9,5,2026-08-04
549,297,21,2,2026-04-06
550,8,32,7,2025-09-17
551,180,9,7,2026-03-12
552,546,46,4,2025-12-09
553,513,36,6,2026-03-19
554,74,26,1,2025-12-28
555,447,2,8,2025-08-14
556,944,5,6,2025-08-21
557,590,28,10,2026-04-09
558,415,46,7,2026-03-09
559,297,8,7,2026-06-03
560,22,21,3,2025-11-29
561,821,40,8,2026-08-02
562,852,45,6,2025-11-11
563,91,28,2,2025-08-29
564,250,28,10,2026-07-14
565,411,34,2,2026-08-12
566,406,20,6,2026-04-18
567,227,22,3,2025-11-20
568,79,33,2,2026-07-08
569,544,33,4,2026-06-23
570,928,50,6,2026-03-24
571,360,47,3,2026-01-16
572,242,7,3,2026-01-09
573,263,13,3,2025-12-09
574,617,10,2,2026-01-18
575,182,50,8,2025-10-10
576,476,49,10,2026-06-08
577,779,38,8,2026-07-18
578,698,37,10,2025-12-05
579,331,41,6,2026-06-24
580,155,29,2,2026-02-07
581,481,29,5,2026-01-21
582,816,18,10,2026-02-24
583,58,23,9,2025-08-22
584,76,20,8,2026-01-23
585,463,3,1,2026-07-26
586,378,19,2,2026-05-20
587,661,6,10,2026-07-31
588,609,33,7,2025-10-21
589,474,38,9,2026-02-13
590,978,48,1,2026-03-22
591,461,37,4,2026-01-14
592,330,39,8,2025-11-08
593,514,10,1,2026-05-25
594,462,7,6,2025-11-14
595,732,6,9,2026-01-07
596,662,12,1,2025-12-29
597,254,46,8,2025-09-28
598,450,34,9,2026-03-31
599,625,11,6,2026-05-20
600,382,19,7,2025-12-13
601,419,50,6,2025-11-25
602,696,39,1,2025-09-20
603,809,41,6,2026-03-31
604,68,22,2,2026-03-20
605,572,44,7,2025-12-17
606,291,17,10,2026-07-16
607,895,10,6,2025-08-15
608,84,38,3,2026-07-19
609,939,23,5,2026-01-14
610,991,42,7,2026-06-21
611,133,39,2,2025-09-24
612,318,36,7,2025-10-06
613,659,22,3,2025-10-17
614,687,45,9,2026-05-17
615,96,42,7,2026-01-24
616,521,24,1,2026-07-30
617,372,20,3,2026-02-03
618,974,14,6,2026-04-09
619,971,50,8,2025-12-03
620,197,15,3,2025-09-30
621,159,5,5,2025-12-05
622,865,7,9,2025-09-05
623,790,35,9,2025-08-22
624,39,43,6,2025-09-09
625,898,50,10,2025-11-22
626,135,39,7,2026-08-06
627,158,11,3,2025-09-14
628,852,45,10,2026-07-11
629,829,11,8,2026-06-19
630,45,27,6,2026-06-06
631,693,47,4,2025-11-11
632,993,29,10,2026-05-30
633,292,49,8,2026-04-03
634,240,35,4,2026-08-10
635,317,31,4,2025-08-14
636,377,44,10,2026-07-09
637,452,30,5,2026-02-24
638,797,25,9,2025-09-20
639,541,27,3,2026-03-15
640,837,13,10,2026-08-06
641,142,17,1,2026-02-04
642,657,31,6,2026-02-08
643,568,7,9,2026-03-04
644,872,8,5,2025-10-22
645,86,49,3,2025-09-09
646,280,29,9,2026-03-11
647,151,28,2,2026-06-30
648,970,15,8,2025-12-21
649,906,23,1,2026-07-18
650,425,4,7,2026-07-06
651,515,24,4,2026-07-18
652,396,6,6,2025-11-19
653,230,2,6,2025-09-30
654,954,7,6,2026-05-01
655,811,10,3,2026-05-29
656,40,19,8,2026-06-20
657,713,9,8,2026-04-02
658,460,40,1,2026-01-14
659,928,6,1,2025-10-04
660,263,14,3,2025-09-21
661,562,47,10,2025-10-11
662,541,28,2,2025-10-25
663,795,19,4,2025-11-11
664,309,8,1,2026-05-08
665,245,27,10,2026-07-01
666,469,5,2,2025-12-15
667,857,32,10,2026-01-16
668,549,2,9,2026-04-23
669,589,16,3,2026-05-05
670,299,28,1,2026-06-25
671,630,23,4,2026-02-22
672,585,27,3,2026-01-27
673,681,43,2,2025-12-18
674,537,24,2,2026-06-07
675,977,34,9,2025-10-12
676,520,33,9,2026-08-06
677,21,25,8,2026-07-24
678,45,41,7,2025-10-14
679,383,17,1,2025-09-27
680,366,5,6,2026-04-14
681,247,47,2,2026-04-23
682,791,38,6,2025-11-05
683,137,3,6,2025-12-08
684,560,22,3,2025-11-12
685,851,50,8,2026-05-30
686,713,31,3,2026-08-05
687,831,9,2,2025-11-18
688,734,50,8,2025-08-23
689,38,19,4,2026-07-23
690,45,13,1,2025-11-13
691,324,20,9,2026-04-07
692,408,35,8,2025-11-24
693,260,3,4,2026-01-30
694,293,23,1,2026-05-09
695,887,42,6,2026-06-26
696,280,8,6,2026-06-17
697,448,26,8,2025-09-09
698,917,25,6,2025-10-02
699,998,12,8,2025-10-21
700,709,32,6,2026-07-20
701,947,34,5,2026-08-07
702,821,6,7,2025-11-24
703,81,28,10,2026-02-24
704,843,12,9,2026-05-19
705,301,21,2,2026-05-06
706,82,21,5,2026-02-07
707,314,29,10,2026-07-22
708,735,28,3,2026-05-07
709,707,29,6,2026-08-06
710,458,3,6,2026-01-23
711,630,28,5,2026-07-07
712,655,4,2,2026-01-04
713,688,41,7,2025-10-26
714,373,33,3,2026-04-12
715,976,2,3,2026-04-05
716,870,39,8,2026-04-17
717,36,9,2,2025-10-11
718,242,50,6,2025-10-13
719,371,25,10,2025-10-21
720,34,39,3,2026-06-12
721,696,29,6,2026-02-25
722,381,29,2,2026-04-19
723,588,9,9,2026-06-07
724,376,26,6,2026-07-06
725,666,18,4,2025-12-19
726,984,8,1,2025-08-16
727,754,12,8,2026-02-26
728,531,25,9,2026-06-01
729,121,17,5,2025-09-05
730,721,29,4,2026-05-25
731,627,19,8,2026-07-30
732,205,8,3,2026-06-10
733,874,5,8,2025-11-13
734,177,46,8,2026-04-30
735,90,44,6,2025-10-22
736,684,23,2,2025-12-31
737,564,35,5,2026-08-10
738,913,20,3,2026-08-05
739,729,46,3,2025-12-08
740,813,24,9,2026-02-27
741,230,8,4,2026-06-11
742,812,9,4,2025-11-17
743,810,32,1,2026-07-05
744,370,36,10,2025-12-11
745,378,30,9,2025-11-04
746,133,40,2,2025-12-01
747,68,20,7,2025-08-25
748,735,47,8,2026-07-15
749,539,27,7,2026-04-25
750,844,37,2,2026-04-01
751,129,21,2,2025-09-19
752,461,30,9,2025-09-06
753,353,9,9,2026-06-27
754,656,38,3,2026-01-20
755,787,9,7,2026-02-12
756,515,4,2,2026-02-16
757,531,10,5,2025-09-05
758,169,11,6,2026-01-14
759,958,46,4,2026-08-08
760,355,34,5,2025-11-22
761,867,6,5,2025-11-13
762,202,41,9,2026-04-14
763,282,9,5,2025-12-21
764,630,35,2,2025-11-15
765,515,42,3,2025-08-31
766,607,38,3,2026-02-22
767,176,43,10,2026-06-07
768,738,39,6,2026-06-29
769,863,37,1,2026-04-20
770,846,2,2,2026-02-01
771,47,42,10,2026-03-26
772,272,42,4,2026-01-23
773,786,37,7,2026-05-26
774,633,41,1,2025-09-20
775,510,41,9,2026-04-03
776,297,42,5,2026-04-07
777,495,16,7,2026-07-11
778,305,30,2,2026-05-04
779,706,4,3,2025-12-07
780,451,27,8,2026-04-04
781,476,14,6,2025-09-26
782,622,10,6,2026-02-24
783,883,46,6,2026-07-29
784,752,23,7,2026-02-15
785,134,49,6,2025-11-13
786,528,36,2,2026-02-25
787,327,16,8,2025-12-31
788,126,18,8,2026-03-27
789,254,10,2,2026-03-12
790,52,19,7,2026-08-08
791,885,40,7,2026-02-21
792,255,11,6,2026-05-23
793,957,37,6,2026-07-01
794,195,49,3,2026-05-18
795,511,33,8,2026-03-19
796,511,20,8,2025-12-02
797,24,6,7,2026-08-07
798,518,30,4,2026-02-04
799,221,38,6,2026-04-26
800,50,4,5,2026-06-14
801,507,39,8,2025-09-19
802,293,35,1,2026-06-15
803,868,7,7,2026-04-18
804,138,17,6,2025-11-12
805,783,26,6,2025-11-05
806,47,26,1,2026-06-04
807,584,36,4,2026-06-23
808,372,36,5,2026-08-08
809,76,25,9,2026-02-25
810,462,49,9,2026-07-30
811,287,40,10,2026-04-29
812,122,9,2,2025-10-15
813,404,24,6,2025-09-29
814,572,24,3,2025-10-25
815,204,39,9,2026-03-03
816,412,33,1,2025-11-02
817,47,3,3,2026-01-23
818,731,22,8,2026-02-18
819,532,30,3,2025-11-07
820,621,33,3,2026-05-28
821,336,40,6,2025-10-06
822,167,26,10,2025-09-22
823,758,20,10,2026-04-05
824,345,33,9,2026-03-01
825,546,32,10,2025-08-23
826,307,31,1,2026-07-14
827,378,22,2,2025-10-08
828,427,38,5,2026-06-30
829,816,47,1,2025-10-27
830,612,31,5,2025-10-14
831,991,42,10,2026-06-25
832,592,15,1,2026-07-16
833,598,31,3,2026-04-29
834,537,41,10,2026-03-03
835,794,25,3,2025-10-28
836,842,44,4,2025-10-04
837,33,37,2,2025-08-28
838,196,2,8,2025-09-23
839,322,27,3,2025-10-18
840,423,45,4,2025-10-15
841,421,33,10,2025-08-12
842,943,31,1,2025-09-04
843,723,9,9,2026-02-19
844,213,36,6,2026-01-27
845,679,31,9,2025-12-28
846,386,21,3,2025-08-28
847,471,35,6,2025-08-22
848,560,23,5,2026-06-15
849,625,31,4,2026-03-18
850,981,16,5,2026-06-25
851,572,20,4,2026-07-14
852,965,20,5,2026-04-16
853,722,14,8,2026-04-30
854,325,31,6,2025-09-25
855,574,47,5,2026-02-28
856,295,8,10,2026-06-07
857,693,35,7,2025-10-20
858,918,26,6,2025-12-30
859,978,50,3,2025-09-15
860,298,3,5,2025-09-03
861,979,46,2,2026-05-04
862,355,29,5,2026-07-06
863,766,31,4,2025-11-25
864,207,35,5,2025-12-06
865,956,36,5,2025-11-09
866,141,7,10,2026-07-23
867,759,38,4,2026-03-15
868,249,4,9,2026-05-15
869,232,41,4,2026-05-26
870,54,7,7,2025-11-21
871,339,46,8,2026-05-25
872,103,44,3,2026-05-19
873,6,36,3,2026-03-01
874,417,42,8,2025-10-01
875,489,42,4,2025-12-05
876,775,19,6,2026-01-08
877,293,42,1,2026-08-06
878,930,50,2,2025-12-05
879,668,37,4,2026-04-16
880,548,48,1,2025-09-16
881,936,12,7,2025-08-13
882,904,12,1,2026-05-07
883,857,26,8,2026-08-11
884,191,48,5,2026-01-26
885,898,3,1,2026-05-14
886,306,37,10,2026-07-13
887,110,22,5,2025-08-13
888,466,42,9,2026-06-07
889,537,32,3,2025-11-22
890,872,33,8,2025-12-10
891,280,13,2,2026-05-10
892,339,11,8,2025-12-28
893,664,17,3,2026-06-13
894,15,48,6,2025-12-11
895,810,19,10,2026-07-08
896,691,49,4,2025-08-28
897,180,40,7,2026-01-17
898,847,28,9,2026-07-06
899,336,6,7,2026-01-01
900,686,7,3,2025-11-18
901,144,31,6,2025-09-08
902,959,16,1,2026-07-09
903,268,25,4,2026-01-02
904,458,49,5,2025-12-25
905,977,22,5,2026-06-25
906,597,47,10,2026-04-28
907,12,17,6,2026-04-26
908,710,16,1,2026-07-04
909,684,8,8,2026-07-22
910,315,11,7,2026-08-08
911,703,33,5,2025-08-12
912,707,8,5,2026-01-22
913,377,40,4,2025-12-08
914,225,9,8,2026-01-04
915,157,30,10,2026-06-07
916,383,27,9,2026-07-13
917,935,31,9,2025-11-18
918,822,43,4,2026-03-26
919,781,16,10,2025-08-27
920,895,6,9,2026-03-25
921,458,34,6,2025-12-24
922,80,37,2,2026-03-05
923,64,36,9,2025-10-22
924,208,37,9,2026-01-12
925,154,11,6,2025-10-25
926,875,34,8,2026-03-02
927,120,44,4,2025-12-28
928,735,38,8,2026-05-04
929,94,33,8,2026-03-06
930,829,4,8,2026-01-07
931,136,33,7,2026-01-01
932,468,37,1,2026-01-27
933,573,30,5,2025-08-17
934,741,2,7,2025-11-05
935,261,1,4,2026-01-17
936,593,5,1,2026-03-03
937,434,23,2,2026-07-06
938,555,4,2,2026-03-07
939,957,31,1,2026-01-31
940,294,27,3,2026-08-11
941,788,9,7,2026-04-10
942,384,25,8,2026-02-05
943,891,25,7,2026-03-24
944,83,44,9,2025-12-23
945,137,42,6,2025-12-25
946,122,12,9,2026-03-16
947,403,34,3,2025-10-17
948,746,15,1,2026-01-24
949,775,2,5,2025-09-09
950,475,44,9,2026-01-25
951,435,35,7,2025-12-28
952,844,15,4,2026-04-22
953,472,23,3,2025-11-06
954,283,13,2,2025-08-20
955,33,43,7,2025-09-12
956,630,50,1,2026-01-16
957,247,14,2,2026-04-25
958,104,39,1,2026-08-08
959,458,39,1,2026-01-25
960,251,48,1,2026-07-30
961,412,29,4,2026-02-19
962,553,14,1,2026-03-04
963,144,33,5,2026-06-27
964,240,47,10,2025-12-29
965,327,37,10,2025-11-30
966,792,44,6,2025-09-09
967,243,20,3,2026-06-20
968,677,34,4,2026-05-17
969,424,20,5,2026-08-05
970,63,36,10,2026-03-09
971,901,48,3,2026-07-20
972,642,44,7,2026-07-22
973,570,32,1,2026-05-25
974,996,23,7,2025-12-22
975,805,34,6,2026-02-14
976,714,27,7,2026-08-02
977,153,20,7,2025-09-24
978,189,49,9,2026-02-06
979,485,16,4,2025-11-26
980,308,46,3,2025-09-14
981,826,30,1,2026-05-12
982,576,27,7,2026-02-06
983,571,34,3,2025-12-30
984,398,16,5,2025-10-18
985,209,22,2,2025-09-08
986,945,29,6,2026-02-26
987,95,35,4,2026-05-30
988,53,18,7,2026-04-05
989,690,39,10,2025-10-03
990,41,5,4,2025-09-14
991,824,49,10,2026-04-29
992,742,43,9,2026-01-06
993,223,31,4,2025-10-01
994,891,22,5,2025-11-17
995,980,1,4,2025-10-10
996,960,13,2,2026-03-20
997,765,49,8,2026-02-02
998,937,16,10,2026-02-15
999,721,14,7,2025-09-08
1000,938,16,9,2025-08-31
1001,330,50,5,2026-04-27
1002,390,30,9,2026-08-11
1003,665,23,5,2026-07-01
1004,268,24,9,2026-05-02
1005,904,32,8,2025-12-24
1006,101,47,8,2026-07-13
1007,780,21,4,2025-09-19
1008,380,21,7,2026-03-02
1009,47,37,4,2026-04-18
1010,760,10,1,2025-12-26
1011,268,36,10,2026-06-13
1012,594,47,7,2025-08-28
1013,303,10,4,2026-01-18
1014,338,15,7,2026-02-13
1015,584,16,8,2025-08-13
1016,564,42,6,2026-03-11
1017,264,49,8,2025-09-27
1018,990,47,8,2026-06-26
1019,472,11,6,2026-02-09
1020,174,9,9,2025-08-12
1021,501,12,9,2026-03-10
1022,658,4,9,2026-07-21
1023,35,5,1,2025-08-30
1024,783,1,7,2026-03-31
1025,141,41,4,2025-10-31
1026,70,46,3,2026-04-26
1027,10,14,9,2025-12-15
1028,467,24,1,2025-11-20
1029,633,41,10,2025-08-31
1030,935,31,8,2025-10-13
1031,17,1,9,2026-06-10
1032,565,27,1,2025-11-21
1033,18,34,5,2026-06-24
1034,549,19,1,2026-08-10
1035,515,45,7,2026-02-12
1036,826,12,2,2026-07-14
1037,941,7,9,2026-03-23
1038,153,16,4,2026-07-02
1039,635,34,5,2026-07-02
1040,835,23,5,2025-11-22
1041,815,26,2,2025-09-02
1042,383,26,8,2026-02-05
1043,579,16,4,2026-04-07
1044,308,44,2,2026-07-11
1045,670,42,1,2026-02-17
1046,96,26,7,2025-10-09
1047,387,36,8,2025-11-15
1048,58,41,1,2026-01-24
1049,720,11,2,2025-09-13
1050,512,28,6,2026-08-10
1051,580,7,9,2025-09-07
1052,942,3,4,2026-07-22
1053,217,45,10,2026-02-26
1054,487,18,1,2026-07-18
1055,947,5,5,2026-05-21
1056,921,35,10,2025-08-14
1057,674,3,3,2025-09-05
1058,952,21,1,2026-05-26
1059,985,14,10,2026-07-23
1060,148,49,7,2026-04-03
1061,952,5,5,2026-05-14
1062,167,37,4,2025-09-02
1063,581,25,9,2025-09-23
1064,340,25,3,2025-12-26
1065,810,45,2,2025-08-12
1066,513,48,6,2025-10-16
1067,55,7,7,2026-01-28
1068,238,5,6,2026-06-03
1069,620,50,10,2026-08-06
1070,978,39,7,2026-04-09
1071,993,50,6,2025-12-05
1072,31,41,5,2026-01-15
1073,803,29,8,2026-05-12
1074,234,23,9,2025-08-27
1075,964,25,7,2025-12-22
1076,191,44,10,2026-07-24
1077,677,25,2,2026-06-23
1078,791,40,5,2026-01-20
1079,818,16,2,2026-06-08
1080,85,18,3,2025-09-30
1081,390,46,3,2025-08-28
1082,758,25,6,2026-01-28
1083,370,7,2,2026-06-04
1084,6,20,8,2026-03-17
1085,369,49,5,2026-04-18
1086,105,9,2,2025-08-13
1087,192,28,8,2026-02-05
1088,571,36,9,2026-07-09
1089,418,7,1,2026-06-11
1090,92,23,9,2026-04-08
1091,96,39,10,2026-06-29
1092,804,21,7,2026-03-10
1093,13,19,7,2025-12-04
1094,398,50,2,2026-04-29
1095,743,36,4,2026-04-24
1096,586,34,3,2025-11-03
1097,702,25,3,2026-04-05
1098,143,18,5,2026-05-30
1099,275,32,3,2026-02-19
1100,65,11,7,2026-01-10
1101,283,27,5,2026-03-03
1102,496,5,6,2025-10-29
1103,258,16,8,2026-06-21
1104,609,40,4,2025-12-16
1105,469,7,3,2026-03-17
1106,312,1,7,2025-11-22
1107,341,40,7,2026-01-31
1108,824,22,8,2025-09-23
1109,343,28,10,2026-06-14
1110,140,20,6,2025-09-13
1111,618,45,4,2026-03-28
1112,491,21,3,2026-05-02
1113,988,26,6,2026-07-16
1114,299,48,8,2026-08-04
1115,991,37,4,2025-10-24
1116,334,25,5,2025-12-03
1117,837,26,6,2026-02-25
1118,117,37,4,2025-10-29
1119,607,35,3,2026-05-21
1120,699,50,9,2026-05-22
1121,28,47,8,2025-08-25
1122,966,46,4,2025-12-11
1123,449,19,2,2025-10-07
1124,839,27,8,2026-05-22
1125,143,41,5,2026-04-12
1126,248,17,3,2026-01-06
1127,733,28,7,2026-04-19
1128,76,29,10,2025-09-06
1129,491,38,7,2026-07-04
1130,548,33,7,2025-10-29
1131,557,3,6,2026-06-30
1132,719,35,10,2026-05-28
1133,654,6,2,2025-12-21
1134,788,16,6,2025-11-13
1135,171,42,10,2026-05-18
1136,46,37,7,2026-06-09
1137,991,49,6,2025-12-13
1138,989,28,2,2026-07-14
1139,11,7,5,2026-01-12
1140,228,33,9,2025-09-03
1141,572,38,10,2026-06-23
1142,227,29,6,2026-08-05
1143,401,30,10,2026-01-18
1144,708,33,3,2026-05-11
1145,354,2,8,2026-01-22
1146,108,19,7,2026-03-15
1147,943,6,2,2025-10-31
1148,852,47,3,2026-05-01
1149,357,20,6,2025-11-12
1150,467,14,9,2025-11-29
1151,495,23,8,2026-02-26
1152,100,29,8,2025-10-22
1153,327,5,5,2025-12-01
1154,46,46,2,2025-10-15
1155,24,22,2,2026-05-31
1156,694,11,4,2025-12-30
1157,529,12,9,2026-08-06
1158,164,22,9,2026-07-10
1159,437,30,4,2026-08-01
1160,817,26,3,2025-11-29
1161,191,41,7,2026-07-12
1162,406,2,10,2026-02-25
1163,905,13,8,2025-12-11
1164,607,28,7,2025-08-31
1165,5,46,4,2026-06-06
1166,211,18,2,2026-07-17
1167,592,7,9,2026-04-26
1168,192,24,6,2026-01-03
1169,202,30,2,2026-01-23
1170,269,43,8,2025-12-12
1171,541,41,6,2025-09-10
1172,612,25,10,2026-07-29
1173,402,38,2,2025-10-09
1174,357,23,8,2026-03-06
1175,633,12,5,2026-05-05
1176,941,40,10,2025-08-15
1177,87,44,3,2025-08-24
1178,321,8,4,2026-07-20
1179,313,8,3,2026-07-08
1180,383,45,3,2025-12-08
1181,524,25,7,2025-08-27
1182,611,9,10,2026-03-30
1183,393,28,3,2025-12-03
1184,499,41,9,2025-08-22
1185,711,42,3,2026-08-09
1186,569,11,8,2025-09-18
1187,296,9,3,2025-11-05
1188,323,29,10,2026-07-26
1189,55,23,1,2026-08-11
1190,497,9,4,2026-01-28
1191,835,25,9,2026-02-13
1192,518,42,8,2025-12-31
1193,419,44,8,2026-03-19
1194,426,46,8,2026-04-20
1195,501,11,2,2025-10-03
1196,579,2,4,2026-06-02
1197,300,3,5,2026-04-26
1198,231,35,5,2026-01-21
1199,173,50,8,2026-01-01
1200,580,48,8,2026-04-20
1201,563,33,2,2025-10-15
1202,587,8,5,2026-03-31
1203,794,35,6,2026-01-07
1204,556,49,1,2026-03-27
1205,779,47,8,2026-07-14
1206,560,14,7,2025-12-05
1207,105,48,4,2026-07-14
1208,305,3,8,2025-11-18
1209,270,23,2,2026-07-22
1210,450,8,4,2026-04-18
1211,215,48,10,2026-08-12
1212,706,23,10,2026-07-04
1213,648,28,3,2026-04-13
1214,631,9,4,2025-10-17
1215,834,14,1,2026-07-07
1216,584,23,9,2026-05-26
1217,288,39,9,2026-07-07
1218,173,21,5,2025-12-20
1219,297,37,5,2026-07-30
1220,976,33,2,2025-08-15
1221,139,49,7,2026-06-22
1222,941,4,5,2026-05-16
1223,888,42,3,2026-04-25
1224,719,9,4,2025-08-30
1225,150,46,6,2025-12-06
1226,849,16,7,2025-12-13
1227,502,10,10,2026-06-23
1228,648,18,7,2026-07-18
1229,385,29,2,2026-07-09
1230,649,50,2,2025-12-17
1231,413,33,5,2026-05-31
1232,712,24,8,2026-04-20
1233,974,32,6,2026-03-15
1234,596,1,2,2026-01-20
1235,749,30,6,2026-07-03
1236,871,5,9,2025-12-14
1237,408,14,7,2026-01-19
1238,845,14,8,2025-08-28
1239,275,21,5,2026-06-13
1240,346,36,10,2025-09-17
1241,134,37,8,2026-01-21
1242,808,22,1,2025-10-21
1243,48,7,8,2025-09-28
1244,17,8,3,2026-03-17
1245,452,30,1,2025-08-30
1246,982,28,4,2025-12-19
1247,706,9,5,2026-05-10
1248,163,18,2,2026-04-15
1249,671,24,5,2026-04-04
1250,85,24,3,2026-07-12
1251,54,26,5,2026-04-12
1252,744,45,4,2026-06-11
1253,440,42,2,2025-08-29
1254,721,7,1,2026-08-06
1255,219,31,2,2025-11-25
1256,136,38,4,2026-04-16
1257,532,44,8,2025-10-30
1258,10,1,6,2025-12-01
1259,837,8,7,2026-05-03
1260,711,9,8,2025-10-25
1261,73,15,7,2026-07-06
1262,92,47,2,2025-09-24
1263,106,21,6,2025-11-21
1264,903,20,3,2025-09-27
1265,392,50,3,2025-08-23
1266,657,44,3,2025-10-29
1267,71,34,10,2025-08-28
1268,9,40,3,2026-03-23
1269,451,23,4,2026-08-02
1270,644,48,3,2025-11-24
1271,942,27,10,2025-09-07
1272,704,29,4,2025-11-29
1273,89,7,3,2026-03-24
1274,771,8,10,2025-09-15
1275,748,25,6,2025-11-01
1276,987,28,6,2026-04-08
1277,811,9,4,2026-06-30
1278,284,42,2,2026-03-25
1279,255,36,10,2025-10-14
1280,615,47,10,2026-02-27
1281,292,50,1,2025-12-16
1282,869,43,5,2026-05-13
1283,211,34,10,2026-07-10
1284,522,13,7,2026-04-20
1285,303,42,1,2025-12-14
1286,803,16,8,2025-08-28
1287,396,8,4,2025-12-31
1288,512,41,10,2025-08-24
1289,73,34,1,2026-01-08
1290,370,21,3,2026-02-06
1291,397,37,7,2026-07-22
1292,375,35,3,2025-08-16
1293,782,31,2,2025-08-19
1294,18,38,2,2026-03-09
1295,15,17,4,2026-07-23
1296,41,4,7,2026-07-10
1297,519,19,9,2026-02-28
1298,786,27,7,2025-09-07
1299,719,26,2,2025-12-31
1300,656,35,9,2026-01-19
1301,631,10,5,2025-11-16
1302,86,20,2,2026-05-23
1303,524,14,3,2026-07-05
1304,550,21,7,2026-08-11
1305,601,41,2,2026-02-11
1306,318,45,7,2026-04-23
1307,748,16,1,2025-09-26
1308,251,6,7,2026-07-03
1309,119,30,10,2025-10-30
1310,624,4,5,2025-10-21
1311,683,48,3,2026-06-18
1312,123,1,3,2025-12-02
1313,719,1,3,2026-04-24
1314,509,23,9,2026-08-08
1315,530,47,5,2026-06-23
1316,171,24,3,2025-08-19
1317,768,50,5,2026-01-02
1318,751,8,1,2026-01-26
1319,344,28,5,2026-05-16
1320,537,5,5,2026-06-17
1321,730,37,2,2025-12-12
1322,509,30,9,2025-08-14
1323,369,4,8,2025-10-09
1324,880,37,3,2025-12-17
1325,377,11,5,2025-08-16
1326,792,7,10,2026-02-08
1327,691,47,2,2026-08-07
1328,234,48,9,2025-12-04
1329,3,3,1,2025-09-28
1330,251,3,8,2026-01-02
1331,373,25,3,2025-11-24
1332,184,3,9,2026-01-27
1333,823,46,7,2025-11-13
1334,230,21,4,2026-03-13
1335,427,47,6,2026-03-29
1336,278,5,10,2026-04-11
1337,382,8,9,2026-03-09
1338,690,4,3,2026-05-24
1339,229,34,1,2025-10-31
1340,977,26,2,2025-11-01
1341,899,30,5,2025-12-11
1342,793,20,6,2025-09-15
1343,89,36,8,2025-08-17
1344,9,24,4,2026-05-27
1345,299,37,5,2026-03-09
1346,758,40,4,2026-04-04
1347,476,24,10,2026-07-04
1348,996,32,4,2026-06-15
1349,751,35,4,2025-08-28
1350,155,1,7,2025-11-09
1351,25,15,9,2026-04-02
1352,355,41,1,2026-07-29
1353,974,22,1,2026-03-03
1354,778,43,7,2026-01-10
1355,870,48,5,2025-11-12
1356,107,14,9,2025-08-17
1357,244,27,8,2026-07-02
1358,985,4,3,2025-09-23
1359,729,18,2,2025-12-30
1360,45,15,9,2026-01-21
1361,423,45,6,2026-05-29
1362,470,48,2,2026-03-25
1363,595,7,9,2025-08-14
1364,137,41,7,2026-07-06
1365,77,38,10,2025-12-12
1366,64,28,3,2026-08-03
1367,243,19,5,2026-07-11
1368,872,21,7,2025-12-12
1369,718,48,6,2026-06-28
1370,326,29,5,2026-03-05
1371,240,5,4,2026-05-28
1372,140,50,10,2026-02-26
1373,112,10,2,2025-12-08
1374,169,29,8,2026-03-07
1375,322,27,2,2025-10-19
1376,549,23,4,2025-10-13
1377,463,20,8,2026-05-08
1378,272,8,2,2026-05-21
1379,162,44,5,2025-12-04
1380,847,46,10,2026-01-03
1381,42,14,6,2025-11-04
1382,152,6,4,2026-06-16
1383,992,23,7,2026-01-12
1384,526,4,5,2026-06-02
1385,267,12,1,2025-10-16
1386,975,26,8,2025-08-15
1387,570,48,9,2026-04-23
1388,256,7,8,2026-01-26
1389,105,9,2,2025-12-19
1390,13,4,4,2025-10-19
1391,134,13,7,2025-11-13
1392,382,44,2,2026-08-06
1393,597,38,5,2026-07-03
1394,940,5,1,2026-04-23
1395,67,13,8,2025-09-27
1396,829,9,2,2026-07-10
1397,927,22,2,2025-09-22
1398,44,30,1,2026-06-01
1399,173,37,7,2026-06-16
1400,842,47,7,2025-11-02
1401,509,2,7,2026-05-14
1402,700,28,3,2025-08-14
1403,363,14,3,2025-10-20
1404,282,18,8,2026-04-25
1405,905,10,1,2025-10-12
1406,629,40,10,2026-04-05
1407,252,42,5,2026-03-22
1408,511,27,9,2026-04-10
1409,491,4,2,2025-09-05
1410,287,25,3,2026-07-09
1411,430,13,9,2026-02-19
1412,256,41,9,2025-09-26
1413,814,2,7,2026-03-09
1414,801,46,6,2026-02-06
1415,492,35,8,2025-08-13
1416,353,37,9,2025-12-23
1417,330,25,5,2025-09-15
1418,185,2,6,2025-09-19
1419,612,15,1,2025-09-22
1420,918,50,5,2026-01-18
1421,60,31,9,2026-02-24
1422,367,50,10,2025-12-11
1423,239,11,2,2026-03-01
1424,254,43,4,2026-05-06
1425,273,35,1,2026-06-30
1426,783,15,10,2026-03-08
1427,867,25,6,2026-01-28
1428,958,12,3,2026-08-03
1429,243,38,6,2025-10-12
1430,826,48,6,2026-04-21
1431,936,38,1,2025-12-29
1432,721,45,6,2026-02-17
1433,971,37,10,2026-04-28
1434,146,37,4,2026-05-13
1435,857,32,9,2026-05-21
1436,317,12,8,2026-07-13
1437,39,6,1,2026-02-03
1438,239,39,4,2026-05-19
1439,21,34,8,2026-04-24
1440,1,22,10,2026-06-22
1441,207,9,6,2025-09-05
1442,735,12,6,2026-08-05
1443,61,2,3,2026-03-22
1444,601,46,3,2025-10-07
1445,793,8,9,2026-07-10
1446,882,24,2,2026-02-03
1447,383,46,7,2025-10-14
1448,601,7,6,2026-02-14
1449,310,21,3,2025-12-11
1450,1000,11,7,2026-06-30
1451,811,41,8,2026-06-25
1452,665,21,3,2026-04-09
1453,725,36,10,2026-08-11
1454,806,23,4,2025-10-01
1455,682,38,3,2026-05-03
1456,388,20,5,2026-02-02
1457,131,12,1,2025-08-12
1458,972,45,10,2025-10-16
1459,401,50,10,2025-10-29
1460,34,12,10,2025-11-27
1461,326,40,4,2025-09-27
1462,655,37,2,2026-07-17
1463,960,32,3,2026-08-05
1464,340,48,2,2025-09-30
1465,244,23,6,2026-07-24
1466,172,41,2,2025-09-02
1467,842,46,6,2025-09-13
1468,458,1,5,2025-11-22
1469,215,16,2,2026-08-08
1470,359,17,2,2026-04-08
1471,738,1,1,2026-05-06
1472,396,29,7,2026-07-16
1473,993,11,7,2026-06-22
1474,505,25,6,2026-05-12
1475,560,25,2,2025-09-05
1476,849,31,10,2026-08-03
1477,667,49,4,2026-07-28
1478,167,29,2,2026-03-11
1479,819,3,5,2026-04-29
1480,21,21,5,2026-04-25
1481,975,7,2,2026-04-15
1482,351,11,7,2026-05-08
1483,165,47,2,2026-05-07
1484,561,6,6,2025-09-27
1485,609,40,8,2026-04-01
1486,722,2,7,2026-08-05
1487,966,42,3,2025-11-21
1488,622,28,3,2026-04-30
1489,55,7,6,2025-10-05
1490,211,13,7,2026-06-19
1491,714,36,9,2025-09-28
1492,272,43,5,2026-01-19
1493,305,16,2,2025-12-21
1494,51,26,10,2026-07-18
1495,563,32,3,2026-04-23
1496,56,24,1,2025-09-18
1497,438,6,5,2025-12-26
1498,844,43,10,2025-10-21
1499,492,13,2,2026-07-06
1500,27,14,3,2026-05-16
1501,654,19,2,2026-02-12
1502,485,8,5,2026-01-11
1503,804,26,8,2026-07-02
1504,501,43,5,2026-01-08
1505,94,42,9,2026-01-03
1506,397,12,6,2025-08-13
1507,907,25,6,2026-08-07
1508,192,29,1,2025-09-02
1509,270,29,8,2026-04-30
1510,270,15,5,2026-03-17
1511,578,4,3,2026-07-20
1512,771,45,2,2026-01-20
1513,88,43,6,2026-01-27
1514,828,35,7,2026-01-04
1515,995,49,10,2026-03-13
1516,233,36,1,2026-03-23
1517,861,25,9,2025-11-02
1518,429,35,8,2026-05-20
1519,587,16,8,2026-04-19
1520,307,6,7,2026-04-07
1521,925,46,1,2026-08-09
1522,515,37,9,2025-09-13
1523,820,37,10,2026-04-18
1524,151,8,8,2026-06-05
1525,178,11,4,2026-08-05
1526,828,13,3,2025-09-08
1527,44,28,2,2025-11-29
1528,700,28,4,2026-06-24
1529,843,41,3,2025-08-26
1530,855,39,5,2026-07-23
1531,328,47,2,2026-03-13
1532,90,25,9,2026-07-27
1533,407,36,6,2025-10-30
1534,878,18,9,2026-07-23
1535,470,1,10,2025-08-22
1536,602,34,7,2025-11-10
1537,116,27,3,2026-07-31
1538,152,37,10,2026-02-26
1539,597,49,2,2025-11-20
1540,948,7,10,2026-03-26
1541,799,7,5,2026-01-02
1542,889,35,6,2025-10-06
1543,899,27,5,2025-09-10
1544,393,42,8,2026-06-25
1545,586,39,8,2026-07-21
1546,39,12,5,2026-01-12
1547,413,10,10,2025-08-17
1548,624,44,7,2025-09-01
1549,40,26,6,2026-01-07
1550,708,16,1,2026-07-01
1551,764,31,5,2026-08-01
1552,919,24,1,2026-01-11
1553,346,20,5,2026-08-01
1554,288,32,2,2026-01-02
1555,996,15,3,2026-07-27
1556,308,48,8,2026-06-28
1557,793,21,5,2025-08-26
1558,747,27,10,2025-11-05
1559,662,6,4,2026-01-03
1560,453,14,7,2025-10-06
1561,759,32,9,2026-03-08
1562,889,24,1,2026-06-02
1563,528,11,2,2025-12-22
1564,319,46,9,2025-09-03
1565,414,9,9,2026-03-12
1566,901,37,1,2026-05-24
1567,178,13,4,2026-05-25
1568,858,4,4,2025-11-29
1569,34,30,1,2025-08-25
1570,941,24,4,2026-07-31
1571,281,24,8,2026-01-02
1572,518,26,2,2025-10-22
1573,698,2,4,2025-12-02
1574,382,32,10,2026-05-20
1575,457,12,8,2026-05-01
1576,601,36,6,2026-03-07
1577,353,11,5,2025-12-15
1578,767,45,2,2025-11-30
1579,292,2,7,2026-03-21
1580,51,11,10,2025-10-12
1581,799,14,4,2025-10-20
1582,663,15,4,2026-06-17
1583,276,42,7,2025-12-31
1584,526,2,1,2026-01-17
1585,486,9,3,2026-06-13
1586,616,1,4,2025-09-13
1587,259,39,5,2026-08-01
1588,730,46,5,2025-11-13
1589,434,25,6,2026-05-26
1590,471,17,4,2026-04-12
1591,478,20,9,2026-07-14
1592,845,40,7,2026-05-09
1593,599,7,1,2026-07-22
1594,524,43,6,2026-03-03
1595,575,42,10,2025-12-07
1596,624,19,5,2026-04-15
1597,701,7,8,2025-09-18
1598,66,22,5,2026-02-16
1599,656,21,5,2026-02-15
1600,268,42,5,2026-07-02
1601,193,10,9,2025-08-26
1602,784,16,1,2026-05-07
1603,825,39,7,2026-07-25
1604,677,21,3,2026-03-17
1605,739,2,8,2026-04-20
1606,303,17,7,2025-09-16
1607,415,25,1,2026-03-27
1608,598,46,10,2026-01-08
1609,836,13,6,2026-04-03
1610,744,46,4,2026-05-04
1611,703,35,8,2026-07-10
1612,929,43,6,2026-04-29
1613,520,20,3,2026-04-09
1614,861,43,9,2026-03-08
1615,186,19,2,2025-12-29
1616,483,9,5,2025-10-31
1617,743,36,3,2026-03-04
1618,970,44,6,2026-06-02
1619,671,6,4,2026-07-02
1620,364,15,5,2026-05-02
1621,431,22,6,2026-07-30
1622,267,38,5,2025-11-23
1623,475,8,8,2026-01-27
1624,55,41,10,2026-07-28
1625,595,40,2,2026-07-03
1626,484,13,9,2026-04-13
1627,123,44,7,2025-12-23
1628,543,20,7,2025-11-06
1629,56,10,3,2025-11-09
1630,206,22,7,2026-07-25
1631,584,30,3,2026-07-25
1632,324,46,3,2025-08-24
1633,798,6,8,2026-04-21
1634,341,41,3,2025-09-09
1635,321,41,1,2026-04-27
1636,5,29,5,2025-12-23
1637,215,49,3,2026-04-13
1638,591,49,3,2026-02-10
1639,502,49,2,2025-08-22
1640,133,40,7,2026-08-05
1641,649,28,7,2025-11-17
1642,440,31,7,2026-06-24
1643,5,3,9,2026-05-23
1644,205,47,6,2026-01-01
1645,973,1,6,2026-04-21
1646,776,34,4,2026-04-16
1647,19,44,1,2026-02-10
1648,642,47,4,2026-05-30
1649,232,45,6,2026-01-05
1650,320,9,2,2026-04-29
1651,393,33,10,2026-05-02
1652,314,11,2,2026-08-09
1653,844,3,5,2026-05-03
1654,972,19,8,2026-07-23
1655,746,34,10,2026-07-13
1656,537,22,7,2025-12-12
1657,910,44,3,2025-10-23
1658,351,32,6,2026-07-31
1659,769,13,3,2026-01-18
1660,971,26,1,2026-03-06
1661,234,15,3,2026-08-09
1662,217,47,1,2025-11-19
1663,604,33,3,2025-12-31
1664,127,24,1,2026-05-05
1665,385,41,5,2026-05-23
1666,790,35,10,2025-12-29
1667,50,39,1,2026-06-03
1668,678,7,1,2026-01-16
1669,50,45,2,2026-07-09
1670,427,29,7,2025-09-27
1671,127,36,5,2025-10-15
1672,486,45,3,2025-11-24
1673,211,45,1,2025-08-20
1674,309,27,2,2026-04-24
1675,679,34,5,2025-08-14
1676,638,39,3,2025-12-11
1677,429,7,9,2026-06-14
1678,737,40,2,2026-03-26
1679,290,8,2,2026-07-22
1680,510,13,10,2026-02-13
1681,205,50,5,2026-06-06
1682,852,34,4,2025-10-18
1683,367,46,7,2026-01-05
1684,303,11,1,2025-10-03
1685,562,32,4,2026-05-26
1686,705,31,6,2025-12-25
1687,241,1,1,2025-12-29
1688,688,6,2,2025-11-30
1689,856,37,8,2026-01-22
1690,153,6,9,2025-09-22
1691,77,47,2,2026-07-15
1692,927,17,4,2025-08-16
1693,468,19,5,2026-06-26
1694,476,4,2,2025-11-21
1695,833,12,1,2025-11-07
1696,873,19,6,2026-05-23
1697,821,44,6,2026-03-15
1698,437,48,2,2025-09-24
1699,98,49,1,2025-10-17
1700,10,9,3,2025-09-25
1701,337,23,8,2026-06-05
1702,979,40,5,2025-08-31
1703,900,47,2,2026-04-13
1704,382,22,3,2025-11-16
1705,117,26,7,2026-02-27
1706,986,30,5,2025-10-22
1707,856,25,8,2026-05-29
1708,820,27,3,2025-10-08
1709,116,9,1,2026-01-11
1710,966,11,2,2025-09-23
1711,427,38,8,2026-05-23
1712,822,37,8,2026-07-02
1713,186,40,7,2025-10-29
1714,798,23,10,2026-06-04
1715,30,44,3,2026-01-24
1716,495,32,2,2026-01-10
1717,909,27,8,2026-04-09
1718,48,5,5,2026-01-26
1719,671,21,1,2025-09-19
1720,722,44,9,2026-07-10
1721,786,48,10,2026-07-08
1722,742,37,4,2025-08-22
1723,979,43,6,2026-04-05
1724,532,34,10,2026-05-06
1725,98,28,4,2026-02-09
1726,494,23,7,2026-02-22
1727,153,36,10,2025-12-20
1728,56,1,3,2025-10-12
1729,518,31,8,2026-07-19
1730,891,11,2,2025-09-10
1731,770,32,6,2026-05-06
1732,247,22,5,2026-01-22
1733,52,33,4,2026-07-13
1734,564,42,7,2026-03-03
1735,413,16,2,2025-12-06
1736,471,29,10,2025-10-27
1737,459,6,8,2026-06-06
1738,458,21,2,2026-04-09
1739,510,48,1,2026-05-09
1740,106,26,7,2025-10-15
1741,37,36,9,2026-07-03
1742,1,6,10,2026-02-13
1743,987,40,5,2026-01-27
1744,912,33,9,2025-11-17
1745,212,42,8,2026-04-17
1746,974,22,6,2026-07-03
1747,846,4,4,2026-02-10
1748,865,30,6,2025-09-22
1749,574,50,10,2025-10-22
1750,615,31,6,2026-07-31
1751,734,29,2,2026-06-26
1752,100,49,4,2026-07-19
1753,3,22,6,2026-04-16
1754,850,41,5,2026-04-22
1755,561,34,6,2026-01-09
1756,719,7,1,2025-12-14
1757,919,11,8,2026-05-10
1758,144,46,7,2025-10-05
1759,110,17,10,2026-07-09
1760,201,13,2,2026-01-28
1761,953,26,4,2025-09-29
1762,469,13,6,2026-01-16
1763,111,49,7,2026-04-18
1764,48,41,10,2026-01-07
1765,127,50,8,2025-10-22
1766,469,43,10,2025-08-13
1767,980,33,3,2025-11-21
1768,987,32,1,2025-09-03
1769,544,48,1,2026-06-10
1770,567,28,10,2026-07-16
1771,495,33,3,2026-03-30
1772,709,38,3,2025-12-20
1773,749,9,2,2025-10-06
1774,397,43,10,2026-01-19
1775,621,21,9,2026-02-24
1776,903,25,7,2025-08-20
1777,624,45,4,2026-07-20
1778,281,26,6,2025-12-09
1779,994,19,8,2026-02-18
1780,825,9,3,2026-08-07
1781,423,39,9,2025-08-25
1782,307,45,9,2026-07-15
1783,882,21,9,2026-02-05
1784,648,14,4,2026-04-18
1785,215,40,5,2026-05-05
1786,704,23,3,2025-09-05
1787,728,42,3,2025-10-19
1788,516,35,6,2026-01-28
1789,728,8,6,2026-06-17
1790,576,31,10,2025-10-22
1791,585,43,7,2026-01-14
1792,691,48,9,2026-03-21
1793,293,28,1,2025-11-02
1794,536,7,1,2026-03-09
1795,391,10,1,2026-05-28
1796,687,4,4,2026-05-20
1797,274,49,3,2025-10-30
1798,294,44,5,2026-01-04
1799,150,4,5,2026-06-03
1800,209,49,9,2026-04-23
1801,34,23,8,2026-02-08
1802,105,40,9,2025-10-11
1803,886,15,9,2025-08-24
1804,399,16,9,2025-09-25
1805,804,45,5,2025-12-28
1806,710,43,1,2025-12-16
1807,949,25,7,2026-04-28
1808,427,44,6,2026-02-17
1809,990,36,1,2026-01-02
1810,14,48,5,2026-07-09
1811,208,40,8,2025-08-21
1812,850,15,6,2026-04-05
1813,774,38,9,2026-03-10
1814,757,39,4,2026-03-31
1815,795,47,4,2026-02-05
1816,302,29,3,2025-11-10
1817,700,5,3,2025-09-27
1818,986,12,9,2025-12-26
1819,123,25,1,2026-03-25
1820,439,18,9,2026-06-10
1821,271,9,3,2026-06-22
1822,599,17,1,2026-04-18
1823,339,30,3,2026-07-10
1824,41,10,6,2025-10-05
1825,612,4,10,2025-10-06
1826,864,43,5,2026-04-22
1827,503,37,9,2026-06-06
1828,367,5,6,2025-11-03
1829,539,15,3,2026-03-25
1830,534,5,9,2026-07-05
1831,164,27,9,2026-03-20
1832,550,26,2,2025-10-14
1833,358,15,4,2025-11-25
1834,680,22,6,2026-06-20
1835,370,19,4,2026-04-21
1836,974,49,10,2026-06-11
1837,544,31,9,2026-05-25
1838,844,49,1,2025-11-01
1839,118,43,6,2025-12-19
1840,457,16,10,2025-09-28
1841,941,40,4,2026-01-13
1842,982,3,6,2025-09-12
1843,391,8,7,2025-12-18
1844,263,35,5,2025-08-24
1845,26,34,6,2026-01-04
1846,527,33,8,2026-07-10
1847,499,3,5,2026-03-01
1848,920,42,4,2026-01-27
1849,329,33,2,2026-02-15
1850,971,7,3,2026-01-01
1851,995,50,9,2026-02-10
1852,547,1,2,2026-07-29
1853,216,43,4,2026-05-18
1854,886,44,7,2026-06-03
1855,856,7,4,2026-06-11
1856,551,45,7,2025-10-24
1857,663,5,3,2025-08-26
1858,25,30,6,2025-08-17
1859,39,6,2,2025-09-26
1860,56,12,5,2026-01-04
1861,572,5,10,2025-12-19
1862,842,15,5,2026-06-17
1863,418,25,8,2026-06-09
1864,646,26,7,2026-03-02
1865,324,2,7,2026-07-04
1866,690,8,9,2026-03-04
1867,7,42,10,2026-03-05
1868,65,49,10,2026-07-30
1869,47,45,2,2026-04-27
1870,367,33,2,2026-07-30
1871,297,44,5,2026-02-08
1872,622,6,5,2026-05-29
1873,784,29,7,2026-03-30
1874,405,43,1,2026-07-15
1875,486,11,9,2026-05-17
1876,226,9,7,2026-02-23
1877,816,35,5,2025-11-14
1878,984,41,3,2026-01-06
1879,306,44,6,2025-10-24
1880,981,1,9,2026-01-20
1881,896,36,3,2025-11-16
1882,127,3,1,2025-10-04
1883,587,39,7,2026-08-05
1884,551,36,2,2026-07-30
1885,313,14,6,2026-08-06
1886,217,27,9,2026-08-06
1887,146,11,3,2025-10-02
1888,227,40,5,2025-10-10
1889,199,8,3,2026-04-29
1890,688,37,1,2025-08-18
1891,872,49,9,2025-09-19
1892,473,42,9,2026-03-22
1893,75,19,2,2025-11-12
1894,257,7,4,2025-10-07
1895,744,38,8,2026-03-05
1896,975,22,6,2026-04-14
1897,132,43,4,2026-05-10
1898,103,19,10,2025-10-07
1899,72,13,6,2026-06-06
1900,498,29,6,2026-08-09
1901,632,43,5,2026-03-31
1902,711,38,3,2025-10-18
1903,580,37,6,2026-05-07
1904,828,21,7,2025-12-19
1905,173,1,6,2025-09-01
1906,253,15,7,2025-10-17
1907,284,24,3,2026-07-03
1908,696,47,6,2026-08-10
1909,899,31,8,2025-12-13
1910,457,23,5,2025-12-26
1911,499,36,2,2025-08-30
1912,180,42,10,2026-01-01
1913,84,18,3,2026-06-12
1914,913,35,4,2026-04-01
1915,270,47,2,2026-05-03
1916,745,5,1,2026-06-24
1917,870,33,1,2025-11-09
1918,833,38,10,2026-06-20
1919,415,50,10,2025-09-22
1920,218,3,9,2025-09-01
1921,267,35,9,2026-01-04
1922,484,42,3,2026-05-29
1923,375,26,4,2025-11-20
1924,913,50,10,2026-06-10
1925,751,19,3,2025-08-14
1926,476,33,9,2026-04-13
1927,93,26,6,2025-11-03
1928,515,1,4,2026-03-04
1929,869,40,3,2025-12-01
1930,776,33,3,2025-09-25
1931,457,11,3,2026-03-05
1932,580,37,3,2025-10-05
1933,754,47,8,2026-07-03
1934,962,23,1,2025-09-07
1935,225,49,8,2026-05-22
1936,238,5,5,2025-10-14
1937,379,15,1,2026-04-10
1938,685,14,9,2026-02-14
1939,930,24,7,2025-11-24
1940,481,30,1,2026-01-05
1941,41,42,6,2026-03-08
1942,106,46,9,2026-05-02
1943,649,18,5,2026-04-09
1944,593,35,10,2025-12-31
1945,179,25,7,2025-12-04
1946,375,38,2,2025-11-21
1947,530,17,7,2026-02-02
1948,997,15,9,2025-12-22
1949,416,23,6,2025-11-12
1950,499,31,10,2025-09-07
1951,7,33,3,2025-10-14
1952,451,11,4,2026-03-29
1953,79,33,5,2025-09-05
1954,217,10,3,2025-09-12
1955,162,24,10,2026-08-04
1956,735,8,4,2025-11-17
1957,425,22,2,2025-09-09
1958,494,44,8,2026-05-19
1959,491,14,10,2026-04-15
1960,166,42,7,2025-12-10
1961,23,16,1,2025-11-19
1962,131,37,10,2026-03-08
1963,165,9,9,2026-04-14
1964,41,37,3,2026-03-10
1965,58,11,5,2025-12-27
1966,945,12,9,2026-08-07
1967,982,26,10,2026-03-16
1968,993,37,1,2026-01-24
1969,900,47,5,2026-02-09
1970,970,6,4,2026-06-02
1971,460,39,8,2025-09-03
1972,889,31,3,2026-06-02
1973,225,27,10,2026-06-04
1974,147,38,3,2025-08-18
1975,639,43,9,2025-10-12
1976,271,11,6,2026-08-04
1977,945,30,10,2026-04-12
1978,605,5,4,2025-09-07
1979,388,25,3,2026-06-25
1980,112,2,4,2026-02-09
1981,536,33,7,2025-09-30
1982,847,10,10,2026-04-11
1983,99,12,8,2025-10-05
1984,924,40,10,2025-09-07
1985,40,35,9,2025-10-24
1986,771,8,2,2025-11-09
1987,494,43,3,2026-05-01
1988,924,39,9,2026-07-09
1989,848,1,7,2026-03-27
1990,535,27,6,2026-01-28
1991,896,3,9,2026-03-07
1992,440,15,8,2026-01-25
1993,809,50,7,2025-08-25
1994,359,38,10,2026-07-27
1995,101,28,3,2026-02-01
1996,261,31,4,2025-09-08
1997,932,6,5,2026-01-15
1998,613,35,7,2026-07-04
1999,264,13,1,2025-11-04
2000,727,48,1,2026-05-31
2001,592,34,2,2026-08-07
2002,533,1,7,2025-10-18
2003,671,14,6,2026-01-19
2004,419,24,2,2026-01-01
2005,159,28,10,2026-05-18
2006,260,17,9,2026-01-27
2007,434,37,6,2025-12-14
2008,627,18,7,2026-03-11
2009,774,14,7,2026-02-22
2010,566,36,8,2026-03-27
2011,184,24,9,2026-04-06
2012,569,31,5,2026-01-12
2013,315,37,6,2025-11-06
2014,793,46,7,2026-04-02
2015,754,9,2,2025-10-27
2016,766,15,8,2026-03-30
2017,802,45,3,2026-03-09
2018,103,14,9,2026-07-13
2019,411,22,9,2026-04-22
2020,629,45,1,2025-10-25
2021,165,25,1,2026-03-20
2022,824,6,3,2026-03-30
2023,483,39,7,2025-12-29
2024,91,5,5,2025-12-03
2025,228,24,2,2025-08-23
2026,624,3,7,2026-02-15
2027,954,26,10,2026-05-04
2028,672,34,5,2026-03-11
2029,729,39,1,2025-12-12
2030,969,50,3,2025-11-05
2031,656,32,8,2025-10-03
2032,11,13,9,2025-10-09
2033,293,13,1,2026-03-14
2034,803,39,9,2025-12-18
2035,529,45,4,2025-08-20
2036,630,11,1,2025-12-17
2037,369,16,1,2026-06-03
2038,1000,11,2,2025-11-19
2039,283,50,7,2025-11-23
2040,362,43,7,2026-04-03
2041,416,38,4,2026-05-31
2042,531,1,2,2025-11-23
2043,942,6,9,2025-08-14
2044,292,47,9,2025-08-30
2045,937,38,6,2025-10-02
2046,356,18,4,2026-08-01
2047,621,13,8,2026-01-28
2048,953,26,10,2025-12-02
2049,5,17,3,2026-02-27
2050,417,33,2,2026-05-18
2051,573,5,9,2026-02-09
2052,302,22,2,2025-11-28
2053,823,33,5,2026-01-22
2054,898,35,10,2026-01-23
2055,257,45,8,2025-12-03
2056,990,25,10,2026-07-22
2057,496,50,4,2026-01-12
2058,776,22,8,2025-10-24
2059,698,30,10,2026-07-03
2060,883,2,8,2026-01-15
2061,120,17,2,2026-08-09
2062,392,41,4,2025-11-14
2063,694,45,4,2025-12-11
2064,820,21,7,2025-08-20
2065,979,23,9,2025-11-09
2066,549,1,5,2025-12-05
2067,255,19,2,2025-10-31
2068,409,44,6,2025-10-23
2069,78,36,3,2026-03-15
2070,488,21,6,2025-12-31
2071,224,37,5,2025-11-19
2072,188,48,4,2026-01-15
2073,511,48,4,2025-10-19
2074,241,48,4,2026-01-28
2075,894,17,4,2025-09-09
2076,235,13,4,2026-07-01
2077,857,40,6,2026-03-06
2078,160,50,2,2025-12-21
2079,123,6,8,2026-03-08
2080,629,1,9,2025-12-29
2081,981,3,8,2025-12-07
2082,381,40,6,2025-08-30
2083,505,37,5,2025-12-25
2084,503,12,9,2026-01-29
2085,287,26,4,2025-08-14
2086,769,37,3,2025-12-24
2087,56,34,7,2025-09-21
2088,490,35,1,2026-02-21
2089,515,23,7,2026-01-28
2090,882,44,3,2026-04-15
2091,469,8,9,2026-01-15
2092,472,21,1,2025-11-05
2093,13,44,4,2025-09-09
2094,389,38,2,2025-12-04
2095,334,24,10,2025-11-26
2096,883,17,3,2026-02-19
2097,562,17,4,2026-06-19
2098,276,31,10,2026-06-15
2099,352,24,3,2026-05-18
2100,511,28,4,2026-03-23
2101,430,45,6,2025-12-17
2102,374,26,5,2025-11-23
2103,462,12,10,2026-04-09
2104,135,37,4,2025-11-10
2105,834,7,5,2026-08-02
2106,824,16,9,2026-05-14
2107,443,25,4,2026-06-28
2108,150,48,3,2026-07-22
2109,485,1,3,2025-11-26
2110,432,32,3,2025-11-01
2111,915,41,9,2026-04-28
2112,547,47,6,2026-05-26
2113,805,32,5,2026-05-28
2114,257,36,10,2025-12-01
2115,49,26,2,2025-09-25
2116,708,11,1,2026-03-08
2117,221,17,8,2026-03-20
2118,860,41,2,2025-11-09
2119,461,48,6,2026-03-22
2120,267,24,6,2026-06-13
2121,574,36,5,2026-07-23
2122,353,2,7,2025-11-14
2123,125,23,10,2026-03-11
2124,204,37,10,2025-11-24
2125,666,42,9,2026-03-10
2126,179,50,5,2025-11-18
2127,364,21,9,2026-01-09
2128,500,50,8,2025-08-18
2129,911,6,7,2026-05-16
2130,629,19,8,2026-06-14
2131,647,10,3,2026-04-25
2132,656,22,7,2025-10-13
2133,647,40,10,2025-11-02
2134,415,5,2,2026-03-17
2135,166,22,4,2026-02-11
2136,322,21,5,2025-09-27
2137,728,18,10,2026-05-03
2138,661,26,5,2026-05-03
2139,909,29,6,2025-10-30
2140,766,38,9,2026-03-10
2141,989,29,7,2026-06-07
2142,172,12,1,2026-04-04
2143,129,47,4,2026-06-30
2144,678,17,2,2026-03-13
2145,216,11,7,2026-07-19
2146,106,7,2,2025-09-17
2147,960,31,9,2025-10-08
2148,56,2,7,2026-08-01
2149,537,49,2,2026-08-12
2150,107,17,10,2026-05-17
2151,160,6,7,2026-01-22
2152,317,15,4,2025-09-03
2153,756,19,8,2025-10-14
2154,642,9,3,2026-06-22
2155,540,11,1,2026-05-17
2156,36,43,6,2026-02-03
2157,882,21,8,2025-11-30
2158,479,35,5,2026-06-19
2159,562,29,3,2025-12-17
2160,993,45,9,2025-11-25
2161,182,38,10,2026-04-28
2162,468,41,10,2026-01-10
2163,446,34,9,2025-12-13
2164,318,23,8,2026-05-31
2165,553,15,2,2025-09-29
2166,453,20,6,2026-05-23
2167,423,17,3,2025-08-25
2168,311,1,1,2025-08-15
2169,536,49,3,2025-11-30
2170,353,19,8,2026-03-07
2171,548,1,8,2026-06-18
2172,970,49,8,2025-12-29
2173,307,1,7,2025-09-04
2174,818,19,10,2026-05-03
2175,237,1,9,2025-11-01
2176,383,13,7,2025-08-31
2177,904,36,7,2025-08-22
2178,405,16,3,2026-07-06
2179,733,48,7,2026-06-28
2180,849,25,4,2025-09-20
2181,270,6,7,2026-05-24
2182,641,16,9,2025-10-25
2183,783,40,5,2026-06-24
2184,292,42,9,2025-12-11
2185,829,18,7,2026-01-03
2186,193,5,3,2025-12-20
2187,140,19,2,2026-04-27
2188,653,30,10,2026-01-02
2189,464,18,10,2025-12-11
2190,504,13,6,2025-12-13
2191,20,10,1,2026-04-16
2192,993,35,1,2026-01-31
2193,191,7,5,2025-08-12
2194,276,9,8,2026-07-22
2195,745,1,4,2026-08-02
2196,93,10,1,2025-09-09
2197,506,14,6,2026-03-09
2198,431,20,8,2025-10-30
2199,381,30,1,2025-09-06
2200,339,6,3,2026-04-27
2201,58,18,7,2026-03-02
2202,74,35,8,2025-10-20
2203,186,13,5,2026-04-23
2204,837,25,1,2026-01-04
2205,125,50,4,2025-10-31
2206,395,50,8,2025-09-07
2207,254,48,1,2026-07-20
2208,204,30,2,2026-03-01
2209,534,43,4,2025-08-29
2210,485,25,5,2025-10-25
2211,959,21,3,2026-07-03
2212,645,47,1,2025-10-20
2213,763,36,9,2026-01-08
2214,126,17,8,2026-07-19
2215,654,20,4,2026-05-10
2216,370,4,4,2025-08-24
2217,997,8,4,2025-11-11
2218,649,28,6,2025-12-03
2219,16,11,5,2025-11-27
2220,599,8,7,2025-11-17
2221,809,16,1,2025-10-27
2222,993,3,10,2025-09-20
2223,803,45,8,2025-11-30
2224,705,39,3,2026-04-11
2225,381,50,2,2026-04-30
2226,255,11,8,2026-01-11
2227,94,44,10,2026-05-10
2228,347,49,1,2026-04-15
2229,62,23,3,2026-04-09
2230,719,35,2,2026-05-25
2231,129,32,4,2026-02-25
2232,325,36,6,2025-08-22
2233,825,29,4,2026-03-02
2234,22,45,7,2026-07-07
2235,367,47,3,2026-07-25
2236,257,3,8,2025-12-04
2237,724,29,9,2026-04-28
2238,302,35,8,2025-10-02
2239,195,37,3,2026-06-22
2240,557,23,6,2025-12-29
2241,750,30,5,2026-03-13
2242,889,39,9,2025-08-30
2243,165,5,9,2026-07-02
2244,159,29,5,2026-04-08
2245,840,17,9,2026-04-05
2246,376,30,1,2026-08-02
2247,795,41,9,2026-01-19
2248,389,47,3,2025-11-24
2249,905,2,10,2026-01-29
2250,878,24,10,2025-10-19
2251,245,21,2,2025-08-25
2252,675,35,7,2025-10-27
2253,195,34,8,2025-12-06
2254,785,36,3,2025-10-07
2255,628,19,6,2026-02-24
2256,420,42,6,2026-05-28
2257,114,7,9,2025-12-24
2258,675,5,1,2025-08-29
2259,856,9,3,2025-10-10
2260,895,3,4,2026-03-04
2261,110,32,4,2026-07-23
2262,102,3,10,2026-01-13
2263,658,25,8,2025-12-13
2264,539,40,10,2026-01-23
2265,263,4,6,2025-12-13
2266,227,39,2,2026-06-27
2267,14,14,8,2026-07-15
2268,951,6,8,2025-10-09
2269,821,41,1,2025-10-24
2270,370,36,7,2026-02-18
2271,842,24,1,2025-10-07
2272,844,40,5,2026-05-29
2273,542,3,2,2025-08-15
2274,855,20,2,2025-08-17
2275,968,14,9,2025-12-10
2276,100,7,4,2026-03-09
2277,545,25,4,2025-09-20
2278,198,34,4,2025-10-25
2279,584,41,3,2025-08-15
2280,572,48,9,2025-08-20
2281,426,48,2,2025-10-23
2282,785,41,10,2026-01-08
2283,367,44,8,2026-01-20
2284,720,43,7,2026-05-07
2285,905,7,3,2025-09-25
2286,812,12,9,2026-07-07
2287,412,33,6,2026-05-25
2288,674,11,9,2025-12-23
2289,615,29,6,2026-06-06
2290,925,21,9,2026-01-19
2291,333,24,7,2026-01-15
2292,783,41,7,2026-05-22
2293,846,47,6,2026-03-23
2294,624,16,10,2025-12-17
2295,559,14,7,2026-06-05
2296,785,36,5,2025-11-11
2297,369,29,8,2026-05-12
2298,983,26,1,2025-10-14
2299,744,3,5,2026-04-03
2300,611,2,9,2025-10-28
2301,139,20,1,2025-09-09
2302,308,15,4,2026-07-08
2303,877,21,1,2026-07-11
2304,791,45,5,2026-05-07
2305,942,36,9,2026-03-03
2306,570,37,10,2025-11-14
2307,159,7,1,2026-02-06
2308,472,23,3,2025-11-06
2309,142,17,6,2025-10-30
2310,911,38,4,2026-05-01
2311,239,17,5,2026-07-25
2312,95,37,7,2025-09-29
2313,583,14,2,2025-09-27
2314,741,21,8,2025-11-28
2315,178,32,10,2025-09-05
2316,840,7,10,2026-08-02
2317,658,20,1,2026-03-12
2318,749,37,7,2026-05-10
2319,81,50,1,2026-08-12
2320,944,50,6,2026-05-21
2321,357,28,7,2025-09-14
2322,953,8,4,2026-05-01
2323,766,42,10,2026-07-28
2324,951,1,7,2026-04-11
2325,56,20,9,2025-09-29
2326,43,21,9,2025-08-31
2327,579,10,6,2025-12-26
2328,515,45,4,2026-01-19
2329,157,4,7,2026-06-29
2330,995,29,10,2026-01-10
2331,590,33,2,2026-06-12
2332,228,28,5,2026-04-10
2333,806,26,3,2026-02-28
2334,136,22,2,2026-05-06
2335,488,37,1,2026-07-28
2336,562,26,5,2026-06-12
2337,88,26,9,2026-02-02
2338,445,50,3,2026-04-01
2339,781,9,8,2026-02-09
2340,573,13,8,2026-06-09
2341,405,42,10,2026-01-10
2342,201,36,10,2026-03-27
2343,754,34,4,2026-06-12
2344,249,5,5,2026-07-20
2345,796,28,6,2025-10-17
2346,702,37,2,2025-11-16
2347,116,43,7,2025-12-31
2348,434,24,6,2026-04-03
2349,196,21,6,2025-11-03
2350,609,42,1,2026-06-27
2351,789,20,3,2026-01-20
2352,359,40,8,2026-05-27
2353,639,10,8,2026-01-30
2354,46,15,4,2025-10-05
2355,702,24,3,2026-02-13
2356,776,47,2,2026-07-18
2357,116,48,1,2025-10-16
2358,249,40,3,2025-12-05
2359,890,19,1,2025-08-26
2360,352,45,2,2026-07-27
2361,313,29,8,2026-05-25
2362,24,22,4,2025-12-15
2363,758,35,4,2026-01-03
2364,209,35,9,2026-02-23
2365,769,17,9,2026-04-29
2366,495,40,3,2026-07-12
2367,712,45,1,2026-05-04
2368,386,38,9,2025-10-04
2369,45,17,3,2025-11-10
2370,62,19,4,2025-11-11
2371,809,45,10,2025-10-19
2372,278,4,8,2026-03-09
2373,671,1,2,2026-07-22
2374,398,43,5,2026-05-29
2375,679,43,6,2025-09-17
2376,886,7,1,2025-09-11
2377,300,42,7,2026-08-05
2378,237,25,9,2025-09-24
2379,727,7,6,2026-01-26
2380,497,39,9,2026-02-15
2381,91,12,4,2025-11-06
2382,513,30,9,2025-12-16
2383,949,46,1,2026-04-20
2384,41,16,9,2026-01-11
2385,313,22,8,2026-07-14
2386,403,48,3,2026-03-24
2387,19,23,6,2026-04-14
2388,364,41,5,2026-07-04
2389,242,33,5,2026-07-06
2390,832,4,5,2026-01-25
2391,900,25,1,2025-08-30
2392,967,36,5,2026-06-09
2393,231,10,6,2025-11-26
2394,919,26,3,2025-08-25
2395,90,47,7,2026-03-30
2396,534,44,10,2025-11-02
2397,894,41,4,2025-10-06
2398,428,16,10,2025-09-18
2399,157,28,5,2026-08-02
2400,932,39,6,2026-03-25
2401,460,35,3,2026-04-23
2402,212,42,3,2025-10-16
2403,595,35,4,2025-12-06
2404,884,9,5,2026-07-02
2405,706,46,9,2026-05-18
2406,932,9,7,2026-02-08
2407,931,50,3,2025-10-14
2408,672,37,3,2025-10-03
2409,326,5,9,2026-02-08
2410,546,47,2,2025-12-31
2411,189,21,3,2025-11-13
2412,745,2,6,2025-10-31
2413,902,27,7,2026-01-25
2414,311,29,5,2025-10-10
2415,156,50,4,2025-12-22
2416,110,9,3,2025-11-25
2417,27,49,10,2025-10-03
2418,632,18,10,2025-12-27
2419,581,40,4,2025-12-27
2420,611,15,4,2025-12-07
2421,704,2,6,2026-06-04
2422,82,45,8,2026-03-16
2423,138,33,10,2026-04-05
2424,481,46,6,2026-06-19
2425,189,25,8,2025-10-21
2426,486,9,3,2025-10-22
2427,198,15,1,2026-05-08
2428,419,49,1,2026-04-22
2429,948,18,7,2026-06-06
2430,228,48,4,2025-10-25
2431,776,14,2,2025-11-26
2432,182,29,10,2025-11-30
2433,502,45,6,2026-06-29
2434,888,30,4,2026-06-13
2435,438,26,1,2025-12-01
2436,623,48,7,2026-06-15
2437,738,21,7,2026-02-10
2438,627,48,10,2026-03-19
2439,609,35,9,2026-07-15
2440,657,46,1,2025-08-16
2441,534,7,8,2026-01-29
2442,468,3,4,2026-06-02
2443,532,35,7,2025-08-15
2444,753,3,9,2025-12-26
2445,397,34,1,2026-04-19
2446,195,19,8,2026-05-19
2447,408,20,5,2026-04-19
2448,473,11,7,2025-09-07
2449,302,40,1,2026-05-19
2450,707,34,3,2025-12-04
2451,475,42,8,2026-05-27
2452,93,47,9,2026-01-23
2453,116,12,10,2025-11-14
2454,961,45,9,2026-04-25
2455,139,26,7,2025-10-17
2456,332,29,1,2026-01-15
2457,184,30,10,2026-04-09
2458,919,46,4,2025-10-09
2459,904,30,2,2026-06-29
2460,257,21,3,2026-05-10
2461,736,47,2,2026-01-10
2462,94,8,8,2025-11-18
2463,650,24,2,2026-01-24
2464,537,46,7,2026-02-10
2465,745,33,10,2025-12-06
2466,973,11,7,2025-10-13
2467,564,25,1,2026-07-11
2468,787,11,6,2026-03-07
2469,580,43,3,2025-08-18
2470,167,10,3,2025-09-10
2471,788,46,1,2026-01-05
2472,430,20,5,2026-02-26
2473,748,50,8,2025-10-02
2474,296,41,3,2026-03-21
2475,121,9,4,2025-08-22
2476,4,40,5,2025-12-25
2477,13,30,8,2026-05-04
2478,876,32,9,2025-10-08
2479,827,1,10,2026-03-16
2480,904,32,4,2025-09-23
2481,223,38,8,2025-12-08
2482,465,27,8,2026-06-24
2483,82,39,10,2026-07-17
2484,7,16,9,2026-01-09
2485,285,40,9,2025-08-27
2486,840,14,1,2026-03-16
2487,190,10,1,2025-12-05
2488,669,23,1,2026-04-12
2489,149,3,10,2026-03-12
2490,859,39,5,2025-11-05
2491,340,6,1,2025-11-09
2492,112,27,3,2026-04-13
2493,166,44,5,2026-06-05
2494,626,43,10,2026-04-05
2495,587,36,3,2025-10-14
2496,990,30,10,2026-03-27
2497,369,3,2,2025-11-28
2498,787,20,6,2026-05-18
2499,378,25,2,2025-10-16
2500,777,28,9,2026-01-16
2501,67,19,8,2025-09-08
2502,138,8,5,2026-04-11
2503,338,34,7,2026-03-28
2504,538,14,4,2025-08-21
2505,627,4,2,2026-04-13
2506,586,47,9,2025-12-14
2507,90,31,10,2025-10-22
2508,957,46,5,2026-05-03
2509,438,39,6,2025-11-01
2510,266,34,10,2026-02-25
2511,639,23,3,2026-06-19
2512,630,37,8,2025-08-27
2513,533,47,8,2026-03-10
2514,505,12,10,2026-06-19
2515,239,46,5,2025-11-02
2516,199,1,2,2026-06-21
2517,25,30,2,2025-09-04
2518,756,14,10,2026-04-04
2519,425,27,1,2025-10-15
2520,342,23,9,2025-10-06
2521,826,41,4,2026-07-25
2522,12,41,4,2025-10-14
2523,707,19,5,2025-09-08
2524,810,5,5,2026-05-13
2525,308,33,9,2026-02-15
2526,332,50,1,2026-07-11
2527,117,44,6,2025-09-22
2528,350,26,10,2025-12-26
2529,631,2,3,2025-10-07
2530,199,22,6,2026-01-18
2531,945,44,8,2026-01-11
2532,939,31,1,2026-02-10
2533,662,9,8,2026-01-05
2534,160,41,8,2026-07-05
2535,914,35,6,2025-09-19
2536,474,27,1,2026-03-13
2537,856,34,5,2026-02-22
2538,579,47,6,2025-11-15
2539,569,35,1,2026-02-24
2540,214,37,6,2026-01-01
2541,819,23,2,2026-08-08
2542,993,10,5,2026-05-13
2543,861,2,6,2026-06-14
2544,385,41,9,2026-04-15
2545,863,11,10,2025-08-27
2546,621,25,3,2026-01-01
2547,610,8,5,2026-03-08
2548,723,21,1,2026-02-11
2549,279,27,2,2026-07-19
2550,509,16,6,2026-01-20
2551,463,20,4,2026-02-19
2552,538,20,3,2025-11-09
2553,115,24,1,2025-12-04
2554,797,13,2,2025-12-09
2555,455,33,1,2026-05-08
2556,819,31,9,2025-12-31
2557,158,13,6,2026-01-06
2558,946,31,9,2026-07-24
2559,318,50,6,2026-01-05
2560,147,50,2,2025-12-03
2561,842,34,3,2026-05-11
2562,211,47,1,2026-03-18
2563,471,25,9,2026-05-04
2564,119,1,5,2025-10-30
2565,955,3,10,2026-04-10
2566,893,6,6,2025-09-21
2567,479,3,2,2025-10-02
2568,534,50,5,2026-07-18
2569,24,37,5,2026-06-03
2570,655,14,6,2025-10-16
2571,206,13,5,2025-10-21
2572,284,35,6,2025-08-18
2573,792,29,2,2026-04-21
2574,280,10,3,2025-08-28
2575,281,8,1,2025-10-10
2576,982,40,9,2025-11-12
2577,527,7,4,2025-10-30
2578,556,23,9,2026-08-02
2579,327,18,3,2025-11-22
2580,966,46,5,2026-02-05
2581,588,16,3,2026-02-15
2582,73,20,10,2026-06-30
2583,914,22,9,2026-05-21
2584,455,4,3,2026-04-25
2585,30,31,1,2025-09-21
2586,109,25,1,2026-01-31
2587,89,28,7,2026-03-25
2588,184,46,10,2025-10-07
2589,913,38,8,2026-05-17
2590,632,23,5,2026-03-15
2591,341,13,9,2026-03-17
2592,81,49,8,2026-03-24
2593,582,9,2,2026-03-10
2594,833,45,8,2026-02-20
2595,100,30,5,2026-04-07
2596,701,42,8,2026-02-16
2597,482,15,4,2025-10-23
2598,148,40,5,2026-05-08
2599,935,24,7,2025-08-19
2600,188,45,6,2025-10-31
2601,808,21,8,2026-01-17
2602,500,2,2,2026-01-08
2603,487,8,6,2026-05-08
2604,491,30,3,2026-05-11
2605,290,50,6,2026-04-27
2606,619,37,3,2025-09-03
2607,521,7,7,2025-12-17
2608,838,46,2,2025-10-22
2609,334,36,2,2025-10-10
2610,812,20,9,2025-12-13
2611,473,26,10,2026-02-27
2612,424,16,10,2025-10-20
2613,250,36,3,2025-09-16
2614,998,31,7,2025-12-07
2615,68,22,4,2025-08-28
2616,834,45,10,2026-06-04
2617,442,28,10,2025-11-18
2618,807,22,9,2026-07-02
2619,711,16,3,2026-07-07
2620,679,43,2,2026-03-01
2621,758,46,10,2025-08-12
2622,857,32,2,2025-12-20
2623,607,39,8,2026-04-21
2624,334,36,2,2026-07-16
2625,842,29,3,2026-06-16
2626,316,26,2,2026-03-25
2627,613,7,10,2026-04-10
2628,790,25,6,2026-03-06
2629,507,42,1,2026-03-23
2630,93,14,3,2025-09-02
2631,909,38,1,2026-01-04
2632,776,10,3,2026-04-24
2633,464,35,5,2025-10-11
2634,400,40,10,2026-01-26
2635,458,13,4,2026-01-18
2636,698,21,5,2025-11-09
2637,584,44,5,2025-11-03
2638,941,28,6,2026-06-16
2639,92,38,1,2026-08-10
2640,627,33,7,2025-10-26
2641,868,9,5,2026-06-27
2642,64,24,9,2026-03-23
2643,992,4,1,2025-12-31
2644,721,36,6,2026-05-27
2645,113,19,1,2026-07-29
2646,241,28,10,2025-10-29
2647,404,41,6,2026-02-05
2648,729,25,7,2026-07-07
2649,391,28,9,2025-09-11
2650,217,43,3,2025-12-13
2651,487,9,4,2025-09-22
2652,569,25,6,2026-03-30
2653,861,27,3,2026-02-26
2654,296,43,3,2026-06-04
2655,138,1,2,2026-06-10
2656,664,2,3,2026-01-06
2657,739,32,7,2026-01-04
2658,999,9,2,2025-09-19
2659,141,42,7,2026-01-17
2660,881,30,10,2025-12-01
2661,953,28,10,2026-05-23
2662,185,30,9,2025-08-12
2663,435,36,8,2025-09-08
2664,394,23,4,2025-10-07
2665,191,28,10,2026-02-13
2666,8,37,8,2025-10-08
2667,868,47,4,2026-07-07
2668,730,33,5,2026-05-01
2669,421,35,10,2025-10-06
2670,376,3,1,2026-04-15
2671,582,31,6,2026-06-18
2672,116,38,8,2026-05-06
2673,985,45,2,2025-11-01
2674,146,47,9,2026-07-06
2675,880,49,5,2026-01-27
2676,477,34,2,2026-03-19
2677,536,40,2,2026-06-21
2678,252,31,2,2026-02-21
2679,701,41,9,2025-12-09
2680,818,38,5,2026-07-21
2681,628,4,6,2026-05-08
2682,548,50,1,2026-04-25
2683,481,30,9,2026-01-07
2684,928,31,10,2026-07-05
2685,752,22,7,2026-02-08
2686,362,19,5,2025-09-15
2687,172,3,10,2025-08-27
2688,768,20,10,2026-05-15
2689,267,4,8,2026-05-03
2690,593,11,10,2026-06-10
2691,53,43,5,2025-10-12
2692,829,48,10,2026-04-01
2693,28,19,8,2026-07-19
2694,85,9,9,2026-02-19
2695,79,18,5,2026-06-21
2696,136,40,5,2026-06-05
2697,282,17,1,2025-11-10
2698,760,8,10,2025-09-08
2699,179,38,3,2025-09-27
2700,675,29,6,2026-03-22
2701,828,12,5,2026-07-28
2702,802,45,4,2025-09-23
2703,497,12,9,2026-07-14
2704,883,3,6,2026-04-23
2705,87,10,10,2025-12-18
2706,957,10,8,2026-03-17
2707,771,27,7,2026-03-12
2708,244,43,8,2026-02-23
2709,744,41,3,2025-11-10
2710,216,37,6,2026-04-22
2711,56,42,5,2025-12-18
2712,774,8,1,2026-02-10
2713,172,30,7,2026-05-07
2714,488,20,8,2025-08-18
2715,765,49,9,2026-05-01
2716,240,25,7,2026-05-06
2717,486,17,3,2026-04-25
2718,544,28,1,2025-12-27
2719,296,29,7,2026-04-23
2720,695,21,9,2026-06-08
2721,700,3,2,2026-02-23
2722,940,35,6,2026-05-18
2723,980,28,10,2026-03-23
2724,941,42,5,2025-12-19
2725,344,18,5,2026-06-11
2726,822,7,5,2025-10-01
2727,671,38,7,2026-01-23
2728,473,50,4,2025-12-02
2729,752,44,10,2026-02-13
2730,789,13,9,2026-03-06
2731,346,44,3,2026-07-26
2732,321,36,1,2025-12-15
2733,689,1,2,2025-11-01
2734,13,27,2,2025-11-19
2735,538,7,8,2026-01-18
2736,360,15,5,2026-04-01
2737,258,13,1,2026-05-18
2738,25,40,2,2026-05-09
2739,59,39,4,2026-07-02
2740,974,39,2,2026-03-12
2741,726,8,2,2026-03-22
2742,877,39,3,2026-01-21
2743,385,43,10,2026-03-29
2744,823,12,2,2025-10-03
2745,713,12,5,2026-03-25
2746,302,30,2,2026-01-13
2747,655,30,5,2026-08-08
2748,788,28,6,2025-12-01
2749,264,11,2,2026-05-18
2750,284,50,1,2026-03-10
2751,392,25,6,2026-01-04
2752,62,17,5,2025-08-19
2753,183,29,2,2025-08-13
2754,504,13,10,2026-05-25
2755,403,12,8,2026-01-26
2756,112,10,9,2026-04-20
2757,788,28,4,2026-02-10
2758,629,42,2,2026-03-04
2759,935,29,5,2026-04-19
2760,106,3,2,2026-06-19
2761,73,37,5,2025-11-24
2762,796,29,1,2025-11-20
2763,919,32,3,2026-07-27
2764,669,41,1,2025-10-21
2765,956,3,7,2026-03-22
2766,273,10,6,2026-02-12
2767,927,26,10,2025-11-30
2768,4,33,8,2026-01-09
2769,490,28,7,2025-11-08
2770,865,47,2,2026-06-15
2771,554,15,1,2026-02-17
2772,394,45,8,2026-03-30
2773,125,37,9,2025-10-26
2774,958,23,6,2026-05-07
2775,699,20,7,2026-02-24
2776,57,41,2,2026-02-23
2777,375,35,6,2026-08-11
2778,83,30,5,2025-11-27
2779,664,13,3,2026-03-13
2780,568,3,7,2025-08-22
2781,677,13,5,2025-11-26
2782,713,25,2,2025-08-15
2783,646,45,6,2026-03-21
2784,499,6,8,2026-04-11
2785,753,13,3,2026-02-16
2786,37,13,1,2026-01-03
2787,738,38,4,2025-08-15
2788,501,25,2,2026-07-31
2789,812,35,5,2025-09-24
2790,512,35,8,2026-07-02
2791,990,2,1,2025-08-23
2792,348,4,6,2026-01-04
2793,807,47,1,2026-07-29
2794,416,8,4,2025-08-26
2795,827,42,9,2026-01-05
2796,470,44,9,2026-03-02
2797,153,48,10,2026-07-08
2798,239,5,1,2025-08-18
2799,754,10,8,2026-02-27
2800,670,2,8,2025-11-19
2801,929,40,1,2026-06-13
2802,249,45,3,2025-12-21
2803,15,12,1,2025-09-19
2804,927,20,2,2025-11-01
2805,468,40,3,2026-03-03
2806,856,38,2,2026-02-25
2807,838,7,2,2026-03-03
2808,510,39,10,2026-06-28
2809,226,5,4,2026-06-02
2810,437,22,7,2025-12-10
2811,333,8,10,2025-12-01
2812,559,9,6,2026-06-06
2813,857,14,1,2026-03-01
2814,608,12,6,2026-03-26
2815,65,8,5,2026-05-08
2816,145,49,7,2025-11-15
2817,173,45,6,2026-06-20
2818,567,11,8,2026-08-11
2819,250,38,1,2026-03-02
2820,137,7,10,2026-01-11
2821,386,50,3,2026-06-24
2822,17,32,2,2025-08-17
2823,7,1,3,2026-07-16
2824,949,6,10,2026-01-22
2825,909,19,7,2025-12-25
2826,711,50,8,2025-08-16
2827,709,9,4,2025-08-12
2828,147,41,5,2025-08-28
2829,536,29,7,2025-12-16
2830,245,12,10,2026-01-01
2831,709,3,10,2026-04-17
2832,185,46,8,2025-09-18
2833,627,6,5,2026-07-03
2834,357,27,1,2026-05-23
2835,572,16,4,2025-12-20
2836,121,34,2,2025-10-25
2837,634,24,9,2026-07-11
2838,520,15,8,2026-07-25
2839,789,41,4,2025-12-31
2840,284,4,4,2025-09-16
2841,116,10,8,2025-11-15
2842,510,12,3,2026-03-06
2843,687,3,1,2026-06-10
2844,661,24,5,2026-08-05
2845,215,28,5,2026-04-12
2846,343,40,8,2026-07-06
2847,45,7,1,2025-11-27
2848,948,35,3,2026-01-23
2849,162,2,8,2025-08-30
2850,528,8,2,2026-05-17
2851,917,16,8,2026-07-12
2852,607,38,6,2026-07-11
2853,430,13,6,2026-04-08
2854,236,50,2,2026-02-22
2855,334,15,2,2025-10-10
2856,243,48,7,2026-06-29
2857,891,13,7,2026-06-02
2858,913,15,2,2025-08-23
2859,483,38,8,2026-03-30
2860,56,28,3,2025-10-25
2861,222,40,8,2025-12-26
2862,183,25,6,2026-04-20
2863,140,30,4,2025-08-29
2864,648,23,5,2025-11-19
2865,208,22,3,2025-11-28
2866,33,45,10,2026-07-25
2867,62,18,3,2025-11-12
2868,114,30,8,2026-03-20
2869,429,11,6,2026-07-21
2870,226,19,10,2026-01-02
2871,161,41,10,2025-11-20
2872,928,11,10,2025-12-15
2873,994,36,4,2026-01-13
2874,89,27,9,2026-07-08
2875,501,14,10,2026-01-05
2876,485,30,5,2026-07-13
2877,15,47,7,2025-10-11
2878,754,16,4,2026-07-22
2879,336,28,10,2025-12-28
2880,228,38,3,2026-05-27
2881,936,37,1,2025-09-27
2882,428,3,1,2025-12-08
2883,482,47,9,2025-12-15
2884,35,28,9,2026-03-18
2885,404,31,2,2026-06-27
2886,464,32,4,2025-10-01
2887,86,36,1,2026-07-19
2888,710,47,7,2026-05-20
2889,973,14,3,2025-10-18
2890,368,19,4,2026-06-20
2891,664,6,1,2025-09-26
2892,492,43,5,2025-08-14
2893,166,46,8,2025-11-06
2894,879,37,10,2026-07-19
2895,25,30,8,2026-04-05
2896,791,9,7,2025-11-27
2897,190,24,8,2026-05-29
2898,721,41,1,2025-11-14
2899,882,41,2,2025-12-02
2900,395,45,6,2026-07-07
2901,544,3,5,2025-12-01
2902,437,49,5,2025-11-25
2903,715,40,9,2026-05-26
2904,590,14,2,2025-12-26
2905,636,22,1,2025-11-01
2906,528,44,6,2026-01-18
2907,910,4,2,2025-10-13
2908,393,24,8,2026-06-18
2909,634,3,6,2026-06-07
2910,376,12,9,2026-02-23
2911,722,5,9,2025-12-04
2912,727,50,4,2026-02-07
2913,142,22,4,2025-09-10
2914,553,8,8,2025-10-01
2915,756,49,10,2025-12-11
2916,893,45,4,2025-12-17
2917,772,48,4,2025-09-18
2918,329,23,5,2026-04-25
2919,516,44,7,2026-06-23
2920,284,4,2,2026-03-18
2921,382,23,8,2025-08-13
2922,498,33,9,2025-11-11
2923,850,8,8,2025-09-27
2924,727,35,9,2025-10-18
2925,922,19,8,2025-09-14
2926,636,24,2,2026-06-26
2927,193,30,2,2026-07-18
2928,83,26,3,2026-05-24
2929,296,5,2,2025-11-06
2930,169,18,2,2026-05-24
2931,714,10,8,2025-10-03
2932,155,14,9,2026-08-01
2933,975,41,1,2026-02-09
2934,301,27,9,2026-01-14
2935,955,9,8,2025-11-19
2936,356,27,8,2026-04-04
2937,756,42,1,2026-05-06
2938,299,13,2,2026-03-25
2939,23,15,9,2026-03-03
2940,661,22,7,2026-04-29
2941,593,22,6,2025-12-07
2942,498,38,9,2025-12-08
2943,863,36,8,2025-10-17
2944,469,20,10,2026-04-13
2945,136,20,3,2025-10-13
2946,809,17,4,2026-06-16
2947,496,24,5,2025-10-02
2948,789,4,3,2026-06-22
2949,362,19,8,2025-09-18
2950,980,11,10,2025-09-23
2951,947,11,9,2026-02-11
2952,293,12,3,2026-02-07
2953,860,46,3,2026-03-25
2954,166,16,2,2026-01-23
2955,43,21,10,2025-09-01
2956,130,29,5,2026-07-13
2957,379,12,4,2026-02-21
2958,576,46,1,2026-04-02
2959,682,21,6,2025-12-22
2960,152,24,8,2026-03-19
2961,553,11,9,2025-11-14
2962,309,8,1,2026-01-25
2963,415,32,3,2025-11-18
2964,971,30,6,2025-11-04
2965,160,1,9,2025-12-24
2966,1000,33,6,2025-10-29
2967,663,46,5,2026-05-21
2968,486,19,10,2025-11-28
2969,683,10,10,2026-06-27
2970,747,29,6,2026-05-06
2971,706,8,8,2026-06-20
2972,922,3,3,2025-11-28
2973,695,36,2,2026-06-12
2974,316,2,7,2026-06-16
2975,633,15,8,2025-09-24
2976,366,6,6,2026-03-12
2977,57,39,4,2026-04-26
2978,598,34,4,2026-08-05
2979,801,50,5,2026-01-27
2980,201,2,2,2025-11-15
2981,552,29,2,2026-06-18
2982,1000,33,7,2026-03-20
2983,200,32,6,2025-08-25
2984,618,39,9,2025-11-04
2985,967,4,6,2026-02-14
2986,408,10,7,2025-08-23
2987,379,25,6,2025-10-22
2988,13,19,6,2026-02-21
2989,360,20,8,2026-01-13
2990,896,36,2,2026-06-27
2991,221,47,8,2025-09-06
2992,760,27,8,2025-10-24
2993,296,11,7,2026-06-10
2994,747,27,3,2026-02-18
2995,856,38,10,2026-03-19
2996,89,10,4,2025-10-17
2997,311,31,9,2026-07-20
2998,344,5,10,2026-02-15
2999,775,25,2,2026-02-13
3000,7,27,5,2026-07-03
3001,425,12,9,2026-06-05
3002,474,46,10,2026-03-03
3003,774,9,4,2025-12-19
3004,191,25,5,2025-10-14
3005,568,32,1,2026-02-26
3006,843,20,10,2025-10-22
3007,312,32,9,2025-11-24
3008,758,30,4,2026-03-03
3009,28,1,3,2025-10-18
3010,269,20,8,2026-04-19
3011,128,42,5,2025-12-04
3012,428,12,8,2025-09-25
3013,929,45,4,2026-04-22
3014,30,8,5,2026-01-08
3015,505,5,10,2026-06-12
3016,764,24,10,2025-10-28
3017,493,37,7,2025-12-09
3018,890,17,8,2025-11-02
3019,998,45,2,2026-06-05
3020,383,33,10,2026-05-26
3021,18,17,3,2025-08-30
3022,596,4,3,2026-02-15
3023,328,30,3,2026-06-24
3024,366,11,1,2025-12-20
3025,280,24,7,2026-04-19
3026,652,23,1,2025-10-19
3027,297,19,9,2025-11-22
3028,655,5,9,2025-12-29
3029,199,50,3,2025-09-13
3030,784,7,10,2026-02-03
3031,771,11,9,2026-05-10
3032,331,21,5,2026-07-19
3033,278,44,6,2026-03-16
3034,99,35,10,2026-01-04
3035,361,10,1,2026-07-19
3036,141,34,5,2026-08-08
3037,382,50,8,2025-11-02
3038,422,22,3,2026-06-05
3039,105,14,3,2025-09-30
3040,516,15,4,2026-03-21
3041,815,36,10,2025-11-14
3042,707,34,9,2025-12-27
3043,730,36,2,2026-05-29
3044,428,30,2,2025-11-15
3045,120,9,1,2026-07-09
3046,492,23,5,2025-08-31
3047,708,24,3,2026-03-15
3048,837,29,10,2026-03-14
3049,536,49,6,2025-08-22
3050,177,46,5,2025-08-25
3051,30,48,2,2025-08-29
3052,228,9,3,2026-03-17
3053,705,15,5,2025-12-14
3054,129,14,3,2025-11-03
3055,81,28,2,2025-08-18
3056,80,2,8,2026-07-09
3057,776,28,1,2026-06-12
3058,202,7,1,2026-04-19
3059,813,43,9,2025-12-14
3060,608,4,8,2025-09-15
3061,122,17,1,2025-09-12
3062,68,20,1,2026-03-17
3063,773,7,2,2026-04-11
3064,943,39,4,2025-11-26
3065,602,13,3,2025-11-25
3066,687,23,1,2026-04-07
3067,93,10,5,2026-01-01
3068,972,38,6,2026-05-08
3069,361,11,9,2026-02-16
3070,800,47,10,2026-02-17
3071,248,33,10,2026-03-26
3072,70,7,10,2026-07-21
3073,782,1,9,2026-06-15
3074,223,46,4,2026-03-25
3075,988,19,3,2026-01-26
3076,924,49,9,2025-12-25
3077,5,47,2,2025-10-13
3078,947,14,9,2026-07-11
3079,872,46,8,2025-12-25
3080,376,45,10,2026-05-22
3081,190,29,2,2026-02-07
3082,186,23,7,2026-04-01
3083,435,14,9,2026-03-08
3084,234,27,2,2026-05-15
3085,780,21,2,2025-09-27
3086,478,8,9,2026-02-17
3087,140,32,6,2025-09-21
3088,722,19,9,2026-03-16
3089,740,3,2,2025-10-16
3090,336,32,2,2025-09-07
3091,395,19,8,2026-05-11
3092,615,48,5,2026-01-28
3093,704,29,4,2026-02-25
3094,568,27,5,2026-04-10
3095,876,28,4,2026-04-11
3096,878,5,8,2026-03-31
3097,962,44,6,2025-09-08
3098,184,1,8,2025-10-01
3099,689,7,7,2026-02-21
3100,449,34,2,2025-10-19
3101,123,10,7,2026-03-22
3102,411,45,10,2026-06-22
3103,105,48,3,2026-07-06
3104,67,24,4,2026-01-28
3105,347,13,10,2026-07-17
3106,865,26,2,2026-05-13
3107,239,28,8,2026-02-21
3108,286,49,10,2026-07-13
3109,608,18,7,2025-11-16
3110,365,31,10,2025-12-10
3111,973,26,8,2025-09-17
3112,524,18,3,2025-11-17
3113,787,30,2,2026-07-16
3114,126,17,8,2026-01-14
3115,510,15,3,2026-05-17
3116,31,7,1,2025-10-09
3117,851,5,8,2026-08-11
3118,695,2,3,2026-08-06
3119,392,39,6,2025-09-19
3120,157,20,10,2025-10-17
3121,639,7,2,2025-10-30
3122,677,49,9,2025-08-22
3123,786,32,8,2026-02-21
3124,207,19,8,2025-12-15
3125,503,33,5,2026-01-17
3126,556,22,9,2026-02-24
3127,560,2,1,2026-05-22
3128,441,8,7,2026-03-11
3129,461,21,7,2026-03-23
3130,454,30,1,2026-08-07
3131,34,12,9,2026-06-13
3132,676,50,5,2025-09-10
3133,906,46,3,2026-07-23
3134,504,28,3,2025-12-13
3135,320,46,7,2025-08-16
3136,500,49,2,2026-06-08
3137,583,44,8,2026-05-09
3138,676,36,9,2026-03-25
3139,586,31,8,2026-07-13
3140,576,11,9,2026-07-31
3141,58,26,5,2026-05-02
3142,507,38,7,2026-03-30
3143,632,44,6,2025-10-12
3144,785,19,6,2025-09-19
3145,63,2,10,2026-01-30
3146,47,9,6,2025-08-29
3147,358,48,10,2025-12-05
3148,28,49,6,2026-03-05
3149,390,7,7,2026-01-14
3150,354,23,7,2026-01-13
3151,360,4,4,2025-10-27
3152,254,16,5,2026-06-09
3153,607,6,2,2025-12-26
3154,890,20,2,2026-03-29
3155,346,11,1,2026-04-09
3156,552,21,1,2026-05-11
3157,472,43,7,2026-02-25
3158,582,33,7,2025-08-19
3159,274,2,8,2026-05-03
3160,603,2,6,2026-07-29
3161,387,37,7,2025-08-16
3162,331,37,2,2026-06-14
3163,828,32,2,2025-12-06
3164,708,44,4,2025-09-27
3165,345,32,9,2026-01-03
3166,831,49,6,2026-05-12
3167,171,40,5,2025-09-25
3168,373,28,4,2026-03-10
3169,509,41,2,2026-05-27
3170,861,35,4,2025-09-10
3171,295,17,1,2025-11-10
3172,305,37,7,2026-06-21
3173,824,15,10,2025-09-26
3174,761,6,10,2026-03-09
3175,98,38,6,2026-02-01
3176,280,5,10,2025-09-30
3177,821,34,8,2026-06-25
3178,438,14,6,2025-12-17
3179,815,5,5,2025-11-09
3180,517,20,7,2026-01-15
3181,680,35,6,2026-03-10
3182,205,27,7,2026-04-21
3183,258,40,9,2025-12-10
3184,465,43,9,2026-02-23
3185,185,2,9,2025-09-17
3186,884,12,10,2026-02-11
3187,512,14,8,2025-09-26
3188,275,41,9,2025-11-23
3189,829,40,7,2025-09-03
3190,958,37,1,2025-09-30
3191,535,13,6,2025-10-28
3192,474,10,4,2026-01-27
3193,155,48,5,2026-01-05
3194,865,28,7,2026-07-09
3195,327,5,4,2026-07-19
3196,867,27,5,2026-05-29
3197,844,19,3,2026-02-22
3198,263,44,10,2025-10-26
3199,242,26,4,2026-05-16
3200,117,10,4,2025-10-02
3201,29,16,5,2026-01-19
3202,476,32,9,2025-10-30
3203,447,28,1,2025-12-17
3204,207,11,5,2026-05-02
3205,140,2,5,2026-01-05
3206,809,18,9,2025-11-09
3207,181,42,1,2025-12-19
3208,987,47,8,2026-05-31
3209,802,2,1,2025-09-03
3210,881,6,6,2025-08-14
3211,617,20,2,2025-12-12
3212,923,27,6,2025-12-07
3213,688,43,2,2026-06-27
3214,407,47,3,2026-05-13
3215,242,8,10,2026-08-02
3216,753,33,2,2025-09-14
3217,535,43,10,2026-03-31
3218,973,50,9,2025-11-26
3219,258,32,2,2026-04-12
3220,244,39,2,2025-09-12
3221,792,21,6,2025-12-12
3222,853,38,7,2025-12-31
3223,826,48,4,2025-12-27
3224,958,28,4,2026-03-14
3225,148,7,3,2026-03-07
3226,220,18,8,2025-12-20
3227,419,17,10,2026-05-28
3228,58,32,9,2025-09-23
3229,384,45,2,2025-12-29
3230,325,35,7,2025-11-10
3231,487,44,4,2026-07-28
3232,987,18,3,2026-03-24
3233,372,31,6,2026-04-10
3234,842,20,1,2026-06-14
3235,661,39,1,2026-07-11
3236,862,48,1,2026-01-31
3237,708,43,4,2025-10-17
3238,260,36,7,2025-08-22
3239,317,41,6,2025-10-08
3240,925,44,2,2026-03-17
3241,548,16,8,2026-08-11
3242,398,1,7,2026-04-06
3243,950,17,5,2026-01-09
3244,93,49,4,2025-12-15
3245,305,14,3,2025-11-11
3246,938,29,6,2025-10-15
3247,901,50,7,2025-09-11
3248,809,3,5,2026-06-03
3249,888,6,8,2025-11-13
3250,483,48,7,2026-06-07
3251,949,22,7,2026-04-18
3252,898,7,3,2025-09-09
3253,716,17,9,2026-07-04
3254,68,23,7,2026-03-28
3255,617,47,9,2026-04-23
3256,756,21,8,2026-07-28
3257,712,2,1,2025-12-08
3258,657,42,3,2026-07-04
3259,646,29,3,2025-12-12
3260,4,26,4,2026-06-27
3261,644,20,6,2026-04-01
3262,590,6,2,2025-11-29
3263,162,16,9,2026-06-11
3264,731,50,3,2025-08-27
3265,868,39,7,2025-12-26
3266,812,21,8,2025-09-26
3267,490,48,3,2025-10-20
3268,267,12,10,2026-03-05
3269,847,21,5,2025-08-12
3270,204,6,7,2026-02-07
3271,377,12,7,2025-10-29
3272,898,25,10,2025-11-16
3273,230,2,1,2026-02-06
3274,946,36,10,2025-10-27
3275,642,15,2,2025-09-30
3276,998,30,4,2026-06-21
3277,269,45,3,2026-06-27
3278,51,26,10,2025-11-16
3279,440,39,5,2025-11-14
3280,153,6,6,2025-11-19
3281,175,37,2,2025-09-23
3282,15,46,9,2026-05-15
3283,446,50,8,2025-11-04
3284,848,44,8,2025-12-06
3285,122,15,4,2025-10-28
3286,196,18,5,2025-08-19
3287,765,32,7,2026-01-09
3288,134,28,4,2026-05-30
3289,615,14,5,2026-01-12
3290,745,44,4,2026-01-06
3291,429,12,7,2026-04-23
3292,812,10,1,2026-06-22
3293,298,17,4,2026-04-10
3294,633,29,4,2026-03-22
3295,379,38,8,2026-07-31
3296,88,1,8,2026-07-14
3297,137,21,7,2026-03-08
3298,704,14,7,2025-10-14
3299,726,28,10,2026-02-24
3300,263,5,2,2026-06-22
3301,571,4,1,2026-07-21
3302,341,16,8,2026-02-14
3303,931,23,10,2026-05-19
3304,962,43,10,2026-06-26
3305,727,48,1,2026-05-15
3306,6,17,9,2025-12-18
3307,635,25,5,2026-06-21
3308,405,43,6,2025-11-06
3309,136,36,1,2026-06-12
3310,595,12,5,2025-12-10
3311,174,33,8,2026-05-12
3312,953,22,8,2026-01-25
3313,136,6,6,2026-06-17
3314,728,34,7,2025-09-26
3315,146,17,2,2025-11-17
3316,321,3,3,2025-10-22
3317,512,18,6,2026-04-03
3318,949,28,5,2026-01-14
3319,925,17,10,2026-03-02
3320,850,49,5,2026-03-04
3321,530,21,7,2025-09-24
3322,915,11,6,2025-09-19
3323,755,32,3,2025-12-30
3324,570,43,8,2026-06-12
3325,55,13,3,2025-11-19
3326,56,15,3,2026-05-02
3327,37,31,5,2026-06-11
3328,168,46,8,2025-10-25
3329,447,8,8,2026-07-24
3330,42,29,6,2026-03-16
3331,727,36,8,2026-05-17
3332,469,32,2,2026-07-07
3333,867,47,3,2026-02-13
3334,127,23,2,2025-10-26
3335,209,19,3,2026-01-30
3336,855,11,9,2026-04-07
3337,843,18,10,2025-12-21
3338,913,43,10,2026-02-15
3339,218,38,1,2026-05-07
3340,539,50,10,2025-10-29
3341,185,27,2,2025-11-23
3342,253,50,8,2026-02-01
3343,694,7,6,2025-08-17
3344,27,19,2,2025-11-11
3345,404,24,10,2025-11-05
3346,952,7,6,2025-08-15
3347,158,2,2,2025-08-16
3348,472,46,8,2026-07-12
3349,465,41,5,2026-07-22
3350,609,43,1,2025-12-17
3351,338,3,10,2026-02-15
3352,974,29,6,2026-04-02
3353,971,47,10,2026-01-12
3354,133,14,1,2025-08-20
3355,821,42,5,2026-02-27
3356,331,4,2,2026-01-03
3357,561,39,7,2025-12-17
3358,95,26,5,2026-05-27
3359,183,16,7,2026-08-01
3360,92,2,4,2026-07-16
3361,167,25,7,2025-09-05
3362,292,42,3,2026-06-18
3363,124,20,8,2026-06-23
3364,821,28,5,2025-11-05
3365,926,44,10,2025-09-12
3366,135,23,2,2025-08-24
3367,853,24,9,2026-04-07
3368,205,32,8,2026-01-23
3369,907,25,8,2025-09-30
3370,275,37,10,2025-11-18
3371,434,6,7,2025-11-22
3372,831,24,10,2025-08-19
3373,191,28,7,2026-04-27
3374,96,3,9,2026-02-09
3375,350,30,4,2026-03-16
3376,664,44,3,2026-04-26
3377,954,32,9,2025-09-17
3378,645,42,9,2025-10-29
3379,86,19,8,2025-11-19
3380,448,6,8,2026-08-12
3381,308,10,3,2025-11-07
3382,701,20,4,2026-03-01
3383,536,28,5,2025-09-08
3384,583,4,9,2026-03-27
3385,79,3,9,2026-04-30
3386,111,33,7,2025-12-03
3387,423,7,8,2026-07-27
3388,677,47,10,2026-07-16
3389,833,17,6,2025-10-03
3390,261,38,2,2025-11-21
3391,788,33,1,2026-07-26
3392,117,48,8,2025-08-22
3393,184,12,7,2026-05-06
3394,47,6,7,2026-03-04
3395,898,46,5,2025-10-06
3396,322,38,8,2026-01-01
3397,776,43,8,2025-11-13
3398,639,17,6,2026-07-19
3399,990,12,4,2026-01-07
3400,190,6,10,2025-10-18
3401,266,44,2,2025-12-26
3402,445,35,1,2026-08-10
3403,6,26,2,2026-06-16
3404,14,11,8,2026-05-29
3405,472,45,7,2025-10-18
3406,890,43,10,2025-08-17
3407,744,32,5,2026-06-12
3408,634,40,6,2026-04-22
3409,708,44,7,2026-04-15
3410,824,20,2,2025-10-14
3411,129,9,1,2025-09-17
3412,196,8,1,2026-02-23
3413,713,13,1,2026-03-27
3414,215,31,3,2025-08-24
3415,666,16,7,2025-12-01
3416,863,41,9,2026-02-20
3417,196,6,5,2025-09-17
3418,789,30,3,2025-12-29
3419,486,28,1,2025-08-30
3420,120,11,3,2025-08-16
3421,757,45,8,2026-02-27
3422,987,32,8,2026-01-23
3423,21,29,10,2026-04-07
3424,249,13,5,2025-09-01
3425,584,26,1,2026-07-18
3426,342,1,2,2026-05-24
3427,646,46,7,2025-08-23
3428,426,32,10,2025-12-12
3429,611,47,9,2026-05-29
3430,298,3,8,2026-01-02
3431,410,32,9,2026-06-01
3432,606,47,10,2026-05-03
3433,958,44,8,2025-09-06
3434,238,46,1,2025-12-21
3435,541,2,7,2026-01-08
3436,591,21,9,2026-02-26
3437,66,18,7,2025-08-23
3438,911,31,2,2025-12-14
3439,507,40,6,2026-02-02
3440,460,45,7,2025-12-04
3441,22,11,5,2025-09-02
3442,744,13,8,2026-02-09
3443,353,29,4,2025-09-30
3444,520,15,10,2026-07-27
3445,931,44,6,2026-03-06
3446,944,39,8,2025-08-16
3447,135,19,7,2026-05-31
3448,983,27,6,2025-10-30
3449,816,31,3,2026-01-27
3450,637,14,5,2025-10-20
3451,708,48,2,2026-05-24
3452,684,31,3,2026-04-08
3453,178,13,3,2025-10-13
3454,621,32,2,2025-09-15
3455,813,27,8,2025-10-25
3456,311,16,4,2026-06-05
3457,571,4,1,2026-03-07
3458,368,17,6,2026-05-11
3459,694,11,3,2026-01-31
3460,848,33,1,2025-09-08
3461,827,5,6,2026-01-01
3462,441,8,10,2025-10-03
3463,233,8,9,2025-09-24
3464,230,32,5,2026-06-02
3465,349,23,1,2025-11-12
3466,789,36,5,2026-06-26
3467,918,10,9,2026-04-28
3468,619,43,2,2025-11-22
3469,724,4,8,2026-01-08
3470,819,30,2,2025-09-21
3471,999,7,10,2026-02-09
3472,625,7,9,2026-03-08
3473,43,33,2,2026-02-28
3474,172,41,2,2026-08-10
3475,892,14,6,2025-09-06
3476,161,47,5,2026-06-13
3477,726,29,9,2026-01-25
3478,511,47,2,2025-12-02
3479,158,42,6,2026-01-07
3480,343,9,2,2026-08-06
3481,869,13,8,2025-10-03
3482,993,27,1,2025-11-02
3483,252,31,6,2025-11-30
3484,294,33,3,2026-06-21
3485,88,18,6,2026-07-18
3486,733,49,7,2025-09-29
3487,370,41,4,2025-12-21
3488,156,49,9,2025-09-14
3489,432,15,3,2026-01-04
3490,822,28,7,2025-10-03
3491,941,27,8,2025-10-17
3492,975,34,6,2026-07-11
3493,967,2,8,2025-11-18
3494,150,50,1,2025-09-11
3495,735,34,2,2026-07-27
3496,87,22,6,2026-07-12
3497,412,50,3,2026-04-12
3498,445,4,7,2025-08-18
3499,778,3,3,2025-11-19
3500,925,37,1,2026-05-10
3501,647,46,9,2026-01-22
3502,997,19,7,2026-06-16
3503,412,44,9,2026-07-01
3504,895,20,6,2025-12-27
3505,932,23,1,2025-08-20
3506,847,18,9,2026-04-15
3507,626,10,7,2026-01-12
3508,457,42,4,2026-03-28
3509,909,35,10,2025-12-05
3510,808,40,8,2025-11-02
3511,715,23,7,2025-09-28
3512,795,13,5,2026-01-08
3513,87,3,9,2026-04-07
3514,343,25,3,2026-03-20
3515,533,35,5,2025-11-29
3516,219,6,9,2026-03-03
3517,566,20,9,2026-08-02
3518,349,49,3,2026-04-16
3519,24,2,9,2025-11-18
3520,607,17,4,2025-12-16
3521,853,50,5,2026-04-22
3522,744,28,9,2026-03-13
3523,114,47,1,2025-12-18
3524,862,24,5,2025-12-29
3525,643,33,6,2025-09-29
3526,127,4,2,2025-09-19
3527,460,20,10,2026-04-13
3528,755,1,8,2025-12-06
3529,348,16,10,2026-07-18
3530,580,46,9,2026-03-12
3531,865,39,4,2026-06-16
3532,359,20,5,2025-10-13
3533,683,46,10,2026-01-16
3534,689,9,7,2026-06-30
3535,533,48,4,2026-08-10
3536,108,21,9,2026-04-26
3537,597,13,6,2026-05-07
3538,466,7,3,2026-06-01
3539,729,28,7,2026-07-01
3540,84,6,1,2025-11-13
3541,436,9,8,2026-03-03
3542,220,29,2,2026-05-28
3543,379,44,9,2026-07-10
3544,413,38,9,2026-02-16
3545,532,50,7,2026-01-13
3546,893,17,10,2025-10-29
3547,511,41,7,2025-12-28
3548,451,45,8,2025-09-02
3549,750,27,3,2025-08-15
3550,148,33,3,2026-02-20
3551,497,46,8,2025-12-04
3552,133,46,9,2025-11-14
3553,884,34,2,2026-02-15
3554,712,14,8,2025-11-04
3555,485,3,3,2026-06-08
3556,967,36,6,2026-03-04
3557,944,8,10,2025-09-13
3558,873,27,2,2026-03-06
3559,124,24,10,2026-03-09
3560,297,3,9,2026-02-07
3561,157,8,6,2026-03-26
3562,313,24,5,2026-03-07
3563,302,32,1,2025-09-12
3564,811,10,3,2025-11-30
3565,803,38,7,2025-08-30
3566,50,20,5,2026-03-09
3567,221,12,8,2026-05-04
3568,3,8,9,2026-02-21
3569,358,5,1,2026-06-09
3570,428,31,10,2026-07-05
3571,318,37,8,2026-08-03
3572,922,22,7,2026-01-02
3573,487,47,10,2026-07-30
3574,136,49,3,2026-03-28
3575,517,41,8,2026-06-13
3576,780,29,8,2026-05-26
3577,153,47,6,2026-08-05
3578,92,40,10,2025-11-21
3579,420,25,4,2025-11-18
3580,922,26,6,2026-01-18
3581,554,3,8,2026-01-23
3582,754,18,2,2026-07-25
3583,887,11,1,2026-02-12
3584,586,41,5,2025-09-23
3585,575,42,2,2026-03-10
3586,660,36,2,2026-02-21
3587,198,40,9,2025-12-06
3588,591,49,1,2026-01-16
3589,981,37,9,2025-10-05
3590,194,49,8,2026-06-21
3591,515,2,2,2025-10-12
3592,675,35,3,2026-08-12
3593,986,2,5,2025-10-23
3594,806,14,4,2026-05-05
3595,850,46,10,2026-04-20
3596,455,6,9,2026-05-10
3597,622,21,7,2026-06-25
3598,604,3,8,2025-12-21
3599,883,2,6,2025-12-10
3600,448,12,7,2026-06-29
3601,25,34,6,2026-05-17
3602,392,17,2,2025-08-12
3603,118,7,9,2025-08-19
3604,173,19,3,2026-02-28
3605,188,17,2,2025-12-27
3606,158,20,7,2026-05-29
3607,695,11,1,2026-05-11
3608,630,21,3,2026-08-10
3609,28,46,1,2026-01-24
3610,306,25,2,2026-03-17
3611,328,10,7,2026-03-24
3612,915,21,5,2025-08-13
3613,385,8,1,2026-02-18
3614,208,16,10,2026-05-20
3615,601,16,8,2026-03-07
3616,521,49,9,2025-09-13
3617,395,8,5,2025-11-12
3618,63,21,8,2026-01-07
3619,567,27,2,2025-08-12
3620,496,2,7,2026-03-12
3621,649,15,1,2026-06-21
3622,276,36,10,2025-09-14
3623,692,7,4,2026-03-07
3624,782,36,3,2026-05-10
3625,312,37,7,2025-10-06
3626,457,6,9,2025-11-06
3627,209,10,6,2026-04-19
3628,554,11,4,2025-10-24
3629,551,28,9,2026-01-26
3630,463,3,1,2026-06-12
3631,833,30,10,2026-04-15
3632,297,42,3,2026-07-23
3633,1,4,8,2026-03-11
3634,280,39,5,2026-01-27
3635,860,44,7,2026-05-01
3636,360,41,4,2025-08-28
3637,600,33,5,2025-08-15
3638,47,11,9,2026-05-30
3639,577,5,5,2025-12-13
3640,92,26,2,2026-02-26
3641,851,9,9,2026-06-16
3642,287,28,4,2025-09-11
3643,626,33,6,2026-06-20
3644,906,44,6,2026-07-10
3645,651,17,8,2026-01-14
3646,280,16,6,2026-08-12
3647,350,14,8,2026-01-01
3648,983,39,6,2025-08-26
3649,17,45,3,2025-08-20
3650,662,1,10,2026-03-18
3651,488,1,1,2026-06-15
3652,689,12,7,2026-03-15
3653,570,45,8,2025-11-21
3654,781,26,9,2025-10-31
3655,84,42,2,2026-01-18
3656,552,2,8,2026-07-03
3657,689,8,6,2026-05-03
3658,996,25,10,2025-11-09
3659,367,25,3,2026-01-22
3660,860,50,1,2026-07-18
3661,128,30,6,2026-02-19
3662,959,13,8,2025-09-12
3663,10,15,1,2025-09-14
3664,777,18,6,2026-03-21
3665,197,6,10,2026-04-05
3666,641,20,4,2026-04-23
3667,240,32,6,2025-12-10
3668,38,18,8,2025-10-02
3669,927,46,10,2026-03-09
3670,215,1,4,2026-06-02
3671,841,41,7,2025-10-05
3672,114,18,10,2025-08-18
3673,513,32,3,2026-04-01
3674,566,13,10,2026-06-02
3675,689,44,10,2026-04-12
3676,579,12,2,2025-09-06
3677,603,9,2,2025-10-25
3678,131,17,10,2026-05-18
3679,877,15,9,2025-11-21
3680,747,18,4,2026-01-09
3681,869,44,1,2026-01-22
3682,994,45,9,2025-12-27
3683,630,17,9,2026-03-10
3684,905,30,1,2026-03-18
3685,961,28,1,2025-11-23
3686,875,21,7,2026-07-03
3687,865,27,5,2025-11-20
3688,125,44,9,2026-01-07
3689,478,32,6,2026-01-20
3690,530,49,1,2026-05-01
3691,906,47,4,2025-09-15
3692,49,18,7,2026-03-01
3693,546,29,6,2025-11-17
3694,6,26,4,2026-04-04
3695,343,6,10,2025-08-17
3696,828,2,4,2025-10-01
3697,707,28,2,2026-05-20
3698,940,16,4,2026-07-11
3699,169,22,5,2026-04-21
3700,65,41,2,2025-10-06
3701,29,31,7,2025-10-01
3702,828,2,10,2025-11-01
3703,817,41,6,2026-01-22
3704,861,17,4,2026-07-15
3705,111,31,4,2025-11-25
3706,982,22,1,2025-08-12
3707,842,22,9,2026-07-29
3708,814,16,2,2026-01-02
3709,795,39,10,2025-08-24
3710,450,49,2,2025-12-16
3711,641,29,10,2026-07-02
3712,128,6,1,2026-02-09
3713,939,3,7,2026-04-21
3714,321,45,2,2026-07-09
3715,802,9,1,2026-01-30
3716,942,29,1,2026-05-28
3717,309,40,7,2025-12-21
3718,68,7,1,2026-08-02
3719,573,4,5,2026-01-09
3720,871,25,7,2025-10-09
3721,99,40,7,2026-07-18
3722,239,39,10,2025-12-16
3723,11,30,7,2026-01-25
3724,476,28,10,2025-08-15
3725,635,7,6,2025-09-12
3726,667,44,1,2026-03-26
3727,465,34,6,2026-08-10
3728,602,13,2,2026-03-04
3729,106,1,10,2025-10-02
3730,731,5,10,2026-04-25
3731,809,13,10,2025-09-20
3732,130,41,9,2025-09-23
3733,263,23,7,2026-01-12
3734,493,47,10,2025-09-06
3735,456,12,4,2025-10-15
3736,141,3,1,2026-03-31
3737,131,20,10,2025-12-09
3738,447,33,6,2026-03-06
3739,319,38,9,2025-11-24
3740,795,10,3,2026-06-25
3741,481,20,10,2026-01-04
3742,352,19,6,2026-07-01
3743,994,1,9,2025-09-03
3744,601,43,3,2026-03-20
3745,59,16,9,2025-10-31
3746,839,36,1,2025-11-16
3747,433,23,4,2026-01-08
3748,1000,13,4,2025-08-31
3749,805,5,6,2025-09-27
3750,194,43,8,2025-11-08
3751,712,45,8,2025-10-03
3752,615,45,6,2025-09-12
3753,873,38,10,2025-09-13
3754,987,22,10,2026-06-29
3755,307,27,6,2026-07-10
3756,167,7,8,2025-10-24
3757,898,3,8,2026-07-08
3758,225,1,4,2026-03-07
3759,710,15,8,2026-08-09
3760,639,14,4,2026-03-29
3761,493,48,6,2025-09-06
3762,827,48,7,2025-09-13
3763,211,26,3,2025-08-22
3764,846,1,6,2026-07-09
3765,11,5,6,2026-07-24
3766,31,36,2,2026-04-30
3767,146,19,8,2025-08-16
3768,200,41,10,2026-05-08
3769,935,49,6,2026-01-18
3770,45,2,4,2025-12-08
3771,203,19,3,2026-07-27
3772,225,17,3,2026-05-21
3773,348,36,4,2026-05-06
3774,183,13,1,2026-08-03
3775,181,17,2,2025-11-14
3776,22,44,3,2025-12-29
3777,389,42,2,2025-08-28
3778,347,14,5,2026-06-28
3779,468,16,6,2026-04-08
3780,829,24,3,2026-07-05
3781,964,34,10,2026-08-05
3782,903,28,2,2026-01-12
3783,122,10,3,2025-10-31
3784,814,13,4,2026-04-01
3785,546,25,6,2025-12-30
3786,326,39,7,2026-07-31
3787,652,16,1,2025-09-20
3788,782,40,10,2025-09-13
3789,194,35,5,2025-11-06
3790,809,10,6,2025-12-23
3791,254,4,5,2026-05-02
3792,894,9,9,2026-05-31
3793,992,38,8,2026-08-06
3794,215,47,2,2026-07-30
3795,804,31,10,2025-12-03
3796,67,11,9,2026-06-17
3797,398,49,9,2025-11-14
3798,384,32,9,2025-12-17
3799,476,12,6,2026-07-29
3800,730,24,9,2025-09-11
3801,712,31,8,2026-08-12
3802,486,18,10,2026-02-23
3803,411,41,10,2025-10-10
3804,666,3,4,2025-12-06
3805,225,13,8,2025-09-18
3806,884,16,7,2026-04-17
3807,224,20,7,2026-06-10
3808,911,25,10,2026-04-13
3809,161,24,5,2025-10-18
3810,564,6,3,2026-01-24
3811,770,6,5,2025-08-13
3812,456,34,6,2026-01-02
3813,236,38,1,2026-01-12
3814,477,33,10,2026-06-04
3815,345,28,8,2026-07-20
3816,479,28,7,2026-07-19
3817,377,32,6,2026-05-25
3818,280,25,1,2026-07-26
3819,184,29,4,2026-06-21
3820,272,42,2,2025-11-21
3821,368,6,5,2025-09-09
3822,863,33,9,2026-07-17
3823,560,42,2,2026-06-29
3824,805,18,4,2026-07-01
3825,101,8,2,2026-01-08
3826,369,3,9,2026-02-27
3827,206,22,4,2026-02-14
3828,692,22,5,2026-06-17
3829,310,48,5,2026-05-28
3830,196,46,10,2025-11-27
3831,142,49,9,2026-01-29
3832,935,17,1,2025-09-10
3833,789,20,5,2025-10-09
3834,843,23,7,2025-09-02
3835,969,26,10,2025-10-27
3836,776,42,1,2025-08-17
3837,484,42,9,2026-01-10
3838,780,10,7,2026-07-19
3839,234,15,4,2026-06-03
3840,486,15,9,2025-12-01
3841,602,36,8,2026-03-07
3842,740,30,6,2026-08-10
3843,811,6,6,2026-08-03
3844,867,13,7,2025-09-26
3845,789,45,7,2025-12-04
3846,215,29,8,2025-11-19
3847,874,36,1,2025-10-27
3848,384,9,10,2025-08-31
3849,895,9,5,2026-05-04
3850,966,48,1,2026-06-29
3851,512,43,6,2026-05-14
3852,348,15,7,2026-02-28
3853,436,44,7,2026-07-24
3854,782,50,9,2025-10-06
3855,307,21,10,2025-12-13
3856,24,37,1,2026-04-02
3857,945,9,3,2026-06-16
3858,976,22,10,2026-03-21
3859,645,39,10,2026-05-13
3860,588,26,7,2025-10-10
3861,210,26,2,2025-11-13
3862,548,25,4,2026-05-26
3863,487,7,6,2025-08-18
3864,584,29,5,2026-01-05
3865,96,11,2,2026-04-21
3866,692,36,3,2026-06-01
3867,33,45,10,2026-04-04
3868,501,2,3,2025-09-13
3869,204,5,7,2025-09-26
3870,291,14,4,2026-04-14
3871,299,43,9,2026-03-24
3872,72,30,1,2026-05-22
3873,378,34,1,2026-02-28
3874,176,21,7,2025-09-10
3875,401,11,2,2025-10-04
3876,133,35,7,2025-11-11
3877,490,48,2,2026-06-21
3878,399,14,3,2026-01-16
3879,892,14,5,2025-12-02
3880,443,46,8,2025-12-13
3881,163,39,10,2026-03-14
3882,962,20,10,2025-11-25
3883,208,33,8,2026-06-28
3884,283,13,1,2026-02-11
3885,147,29,2,2025-10-16
3886,845,26,10,2025-09-04
3887,827,16,9,2026-02-17
3888,337,37,8,2026-03-14
3889,472,30,10,2026-01-12
3890,41,48,2,2025-08-20
3891,295,42,8,2026-01-07
3892,356,45,5,2025-11-15
3893,401,40,3,2026-05-22
3894,426,16,3,2025-12-17
3895,922,40,7,2025-09-16
3896,469,25,3,2025-09-17
3897,716,37,2,2025-08-28
3898,403,45,1,2025-09-14
3899,246,11,5,2026-06-06
3900,904,41,9,2025-12-25
3901,299,43,2,2025-10-22
3902,715,47,4,2026-05-13
3903,931,32,7,2025-09-11
3904,781,36,2,2026-05-04
3905,378,5,2,2025-11-10
3906,517,50,6,2025-08-22
3907,420,29,3,2026-04-28
3908,259,14,9,2025-08-30
3909,46,30,1,2026-03-23
3910,75,41,8,2026-07-26
3911,391,22,7,2026-01-14
3912,877,13,7,2026-06-09
3913,39,1,5,2025-11-07
3914,118,46,3,2025-10-03
3915,335,43,8,2026-04-30
3916,497,30,2,2026-04-03
3917,85,36,4,2026-02-12
3918,731,29,3,2025-08-31
3919,483,18,3,2025-09-02
3920,175,2,10,2025-10-10
3921,103,12,5,2026-08-12
3922,128,35,7,2025-10-24
3923,173,5,1,2026-03-17
3924,694,18,3,2026-03-01
3925,452,23,3,2026-03-16
3926,222,46,1,2026-03-21
3927,915,44,9,2026-07-28
3928,222,29,1,2025-09-10
3929,857,41,9,2026-06-03
3930,657,43,2,2025-08-23
3931,400,45,5,2025-08-16
3932,455,4,10,2025-11-28
3933,5,4,7,2026-07-20
3934,786,13,4,2026-06-05
3935,384,16,4,2025-11-08
3936,94,2,7,2026-05-13
3937,29,1,6,2026-02-09
3938,841,13,2,2025-09-17
3939,226,7,3,2026-06-09
3940,742,11,1,2026-05-17
3941,426,33,2,2026-03-03
3942,836,21,6,2025-08-28
3943,576,41,4,2026-05-13
3944,640,14,9,2026-07-01
3945,405,28,2,2026-05-16
3946,238,14,2,2026-07-01
3947,366,21,3,2025-10-07
3948,16,26,6,2026-08-08
3949,13,25,4,2025-12-19
3950,470,15,2,2026-04-30
3951,674,18,10,2026-08-04
3952,378,3,2,2026-08-09
3953,907,14,7,2026-05-03
3954,309,50,10,2025-11-14
3955,512,7,9,2026-03-12
3956,811,37,3,2025-11-24
3957,258,7,10,2026-08-05
3958,333,41,7,2026-01-29
3959,695,50,3,2026-02-19
3960,341,12,6,2026-06-25
3961,872,43,8,2026-07-15
3962,70,22,1,2026-03-30
3963,624,38,8,2025-09-09
3964,392,33,4,2026-07-28
3965,516,38,1,2025-12-14
3966,239,2,10,2025-12-13
3967,778,8,5,2025-10-11
3968,243,48,7,2025-09-24
3969,776,16,10,2026-01-31
3970,82,4,3,2025-10-11
3971,384,32,5,2026-02-21
3972,207,10,7,2026-06-25
3973,210,42,1,2026-01-21
3974,244,47,10,2026-05-11
3975,969,29,6,2026-01-31
3976,138,18,6,2026-05-24
3977,660,49,1,2026-03-19
3978,534,27,5,2025-09-01
3979,769,2,4,2025-11-02
3980,868,47,6,2025-09-21
3981,351,16,4,2026-01-11
3982,553,4,4,2026-01-15
3983,821,44,4,2026-03-02
3984,623,25,9,2026-02-15
3985,330,12,8,2026-05-24
3986,645,1,2,2026-01-31
3987,891,32,2,2026-06-13
3988,977,13,1,2025-09-28
3989,650,10,4,2025-10-25
3990,129,6,3,2026-03-18
3991,607,36,4,2026-05-16
3992,242,33,2,2026-03-31
3993,437,47,8,2025-12-30
3994,319,11,4,2026-02-04
3995,251,28,3,2026-05-22
3996,621,16,5,2026-02-23
3997,293,37,8,2026-02-05
3998,991,41,4,2026-06-14
3999,279,31,2,2025-08-26
4000,974,24,7,2026-06-29
4001,387,11,8,2026-03-04
4002,452,28,9,2025-09-19
4003,625,48,7,2026-07-08
4004,779,10,8,2025-10-17
4005,21,49,7,2025-11-24
4006,438,6,5,2025-08-17
4007,610,35,3,2026-05-03
4008,567,47,3,2026-02-28
4009,264,25,8,2026-05-26
4010,314,30,5,2026-01-29
4011,385,36,10,2026-08-02
4012,493,5,6,2025-08-23
4013,140,46,8,2025-10-13
4014,201,10,4,2025-11-14
4015,5,1,9,2026-06-25
4016,748,47,6,2025-10-22
4017,504,26,7,2026-05-20
4018,963,26,6,2025-10-29
4019,394,32,5,2026-01-03
4020,657,38,2,2025-10-19
4021,419,3,2,2026-08-02
4022,395,37,3,2025-09-25
4023,199,49,7,2026-03-14
4024,981,17,6,2026-05-27
4025,522,46,8,2025-12-30
4026,651,45,6,2026-04-13
4027,714,4,7,2025-12-29
4028,949,28,4,2025-12-18
4029,249,31,1,2026-01-25
4030,944,24,1,2026-01-04
4031,715,43,3,2026-01-31
4032,268,39,8,2026-01-01
4033,967,44,3,2026-01-20
4034,261,16,10,2026-04-18
4035,593,43,3,2025-09-05
4036,13,8,2,2026-03-26
4037,660,46,7,2025-09-24
4038,408,46,10,2026-03-11
4039,998,6,9,2026-08-06
4040,932,13,7,2026-07-18
4041,170,28,5,2026-04-24
4042,709,20,9,2026-07-21
4043,991,35,7,2026-07-23
4044,601,20,7,2025-09-13
4045,771,47,2,2025-09-01
4046,112,41,10,2025-09-23
4047,796,23,3,2026-01-07
4048,276,48,4,2025-11-29
4049,953,48,7,2025-10-04
4050,716,20,1,2025-09-07
4051,173,32,1,2026-02-03
4052,100,5,7,2025-08-15
4053,538,27,5,2025-10-23
4054,751,28,3,2025-08-28
4055,181,24,3,2026-07-22
4056,721,9,4,2026-06-05
4057,499,12,9,2026-02-19
4058,972,8,8,2025-11-14
4059,581,14,3,2026-05-25
4060,206,4,3,2025-11-23
4061,829,49,4,2025-10-28
4062,266,27,8,2026-05-12
4063,642,40,2,2025-09-22
4064,890,41,3,2026-02-24
4065,82,19,2,2025-11-01
4066,387,8,5,2025-10-01
4067,66,22,1,2026-02-26
4068,600,16,8,2025-11-27
4069,497,44,2,2025-09-05
4070,10,4,5,2025-08-20
4071,770,1,10,2025-11-30
4072,809,3,2,2025-09-20
4073,217,34,1,2026-01-14
4074,385,39,9,2026-06-04
4075,986,49,5,2025-09-08
4076,955,32,8,2025-08-17
4077,776,22,10,2026-06-22
4078,440,22,6,2025-08-29
4079,699,22,6,2025-09-17
4080,837,16,6,2026-07-11
4081,682,26,7,2025-12-28
4082,626,4,6,2026-05-02
4083,895,22,2,2026-05-18
4084,4,30,7,2026-04-30
4085,743,9,1,2026-08-09
4086,617,8,9,2026-04-24
4087,287,45,4,2026-01-06
4088,378,29,10,2026-05-29
4089,703,43,8,2025-11-04
4090,528,27,4,2026-06-25
4091,4,41,6,2026-03-24
4092,18,41,6,2025-12-10
4093,895,3,6,2025-12-03
4094,695,29,4,2025-09-14
4095,622,32,7,2025-08-13
4096,757,40,2,2025-08-18
4097,357,28,8,2025-09-24
4098,675,45,2,2026-05-17
4099,752,25,5,2026-07-11
4100,622,13,3,2026-01-12
4101,891,34,10,2026-05-20
4102,804,46,9,2025-10-07
4103,33,9,8,2026-02-13
4104,816,6,5,2026-06-03
4105,853,44,9,2026-05-27
4106,896,30,3,2026-06-21
4107,918,29,2,2025-09-25
4108,494,43,9,2026-01-31
4109,247,16,4,2026-03-01
4110,175,49,2,2025-12-07
4111,109,28,1,2026-05-18
4112,165,21,7,2026-06-24
4113,785,18,4,2025-10-01
4114,737,17,8,2026-05-20
4115,975,43,2,2026-07-09
4116,682,9,9,2026-07-10
4117,649,47,8,2025-12-10
4118,93,45,6,2025-09-17
4119,893,15,10,2025-11-05
4120,785,39,2,2025-12-26
4121,660,22,7,2026-03-05
4122,933,46,7,2026-02-13
4123,670,42,9,2025-12-14
4124,990,28,4,2025-11-15
4125,229,17,2,2025-12-27
4126,298,6,2,2026-07-21
4127,92,22,10,2025-08-28
4128,960,13,2,2026-04-14
4129,587,24,3,2026-03-19
4130,874,21,7,2025-10-09
4131,591,48,1,2026-05-07
4132,319,4,10,2025-08-18
4133,549,13,7,2025-11-28
4134,434,21,6,2025-11-27
4135,817,44,3,2026-05-16
4136,533,43,10,2026-06-16
4137,605,15,2,2025-12-25
4138,405,1,9,2025-11-22
4139,873,30,6,2026-05-21
4140,149,19,4,2026-01-30
4141,512,44,8,2025-08-25
4142,151,39,5,2025-09-04
4143,150,48,1,2025-09-18
4144,614,21,5,2026-01-27
4145,515,45,2,2025-09-03
4146,281,46,10,2026-02-11
4147,490,41,4,2025-09-25
4148,507,19,7,2025-12-30
4149,61,22,3,2025-11-16
4150,848,46,4,2026-04-07
4151,869,47,4,2026-02-22
4152,718,48,1,2026-04-03
4153,946,50,3,2025-11-04
4154,878,32,7,2026-04-12
4155,307,43,3,2025-09-03
4156,23,36,7,2025-09-16
4157,346,28,8,2025-12-06
4158,357,49,7,2026-08-05
4159,401,5,9,2026-02-22
4160,745,19,5,2026-05-23
4161,714,13,9,2026-07-03
4162,404,7,3,2025-11-28
4163,332,49,10,2025-09-07
4164,887,4,5,2025-11-30
4165,469,42,3,2026-06-17
4166,592,9,8,2026-04-27
4167,713,31,5,2026-04-14
4168,919,10,4,2025-12-30
4169,224,48,4,2025-10-10
4170,753,42,1,2025-10-14
4171,371,47,10,2025-11-14
4172,105,44,3,2026-05-14
4173,386,28,3,2026-04-19
4174,949,4,2,2026-01-06
4175,365,31,3,2025-10-04
4176,968,4,2,2026-01-24
4177,528,42,6,2026-03-03
4178,608,28,3,2026-06-13
4179,643,47,7,2026-08-11
4180,251,3,2,2026-01-23
4181,247,26,8,2026-01-15
4182,310,45,10,2025-09-30
4183,978,12,7,2026-01-21
4184,795,45,2,2026-07-04
4185,797,30,7,2026-04-19
4186,282,41,8,2025-10-03
4187,377,1,2,2026-07-24
4188,120,6,2,2026-06-22
4189,501,42,9,2026-04-27
4190,231,2,10,2026-07-23
4191,587,37,8,2025-10-27
4192,281,45,2,2026-02-28
4193,814,38,3,2026-07-15
4194,394,31,7,2026-02-02
4195,306,37,3,2026-04-22
4196,102,21,2,2025-12-21
4197,731,35,3,2025-09-26
4198,416,45,1,2026-07-04
4199,404,36,9,2026-01-16
4200,803,34,8,2026-02-12
4201,66,34,10,2026-02-01
4202,552,46,2,2025-08-31
4203,772,49,4,2026-07-05
4204,989,43,2,2026-04-23
4205,186,39,3,2026-05-30
4206,6,36,8,2026-02-17
4207,820,21,2,2026-07-20
4208,41,9,10,2026-08-10
4209,212,42,3,2026-03-16
4210,90,36,5,2025-11-05
4211,872,49,1,2025-09-02
4212,87,8,9,2025-12-12
4213,306,24,9,2025-12-25
4214,176,28,1,2025-11-06
4215,255,20,1,2025-08-14
4216,969,34,5,2026-05-27
4217,675,35,8,2026-04-20
4218,144,37,8,2026-07-23
4219,712,21,9,2026-03-21
4220,933,23,10,2025-10-03
4221,552,33,4,2025-10-24
4222,705,7,1,2026-01-12
4223,243,3,4,2025-09-11
4224,146,20,4,2026-07-09
4225,981,9,10,2026-03-18
4226,566,14,10,2026-01-23
4227,368,18,3,2026-07-26
4228,747,40,7,2026-05-23
4229,77,36,5,2025-12-05
4230,267,25,3,2026-04-18
4231,410,30,2,2026-05-09
4232,968,17,7,2026-01-09
4233,963,45,3,2025-09-02
4234,549,14,2,2026-02-01
4235,645,47,5,2026-03-17
4236,649,45,4,2026-01-28
4237,732,24,10,2026-04-29
4238,674,42,9,2025-12-15
4239,620,11,7,2025-10-09
4240,842,10,6,2026-06-19
4241,807,28,7,2026-03-14
4242,27,39,4,2026-06-23
4243,80,18,2,2025-11-08
4244,545,8,9,2026-05-24
4245,417,5,6,2025-11-15
4246,656,6,6,2026-06-17
4247,932,22,5,2026-02-02
4248,150,15,5,2026-06-22
4249,11,7,7,2026-05-13
4250,993,15,7,2025-09-28
4251,975,7,2,2026-05-05
4252,180,34,5,2025-10-16
4253,603,32,2,2026-04-27
4254,542,23,10,2025-10-15
4255,887,19,9,2026-04-04
4256,278,39,2,2026-02-04
4257,919,4,3,2025-09-19
4258,326,49,7,2025-09-08
4259,186,23,9,2026-01-29
4260,565,39,7,2025-12-25
4261,489,38,3,2026-07-02
4262,266,1,9,2026-01-14
4263,731,10,3,2025-09-25
4264,147,25,10,2026-02-08
4265,754,18,1,2026-01-13
4266,941,47,6,2025-09-01
4267,725,50,4,2025-11-27
4268,695,39,7,2026-03-25
4269,724,30,3,2026-02-26
4270,450,23,8,2025-09-22
4271,515,19,5,2025-11-18
4272,976,28,9,2026-03-02
4273,965,46,4,2026-03-11
4274,313,41,2,2025-11-05
4275,971,20,7,2025-12-27
4276,790,21,2,2026-07-22
4277,650,6,2,2026-06-13
4278,748,16,2,2026-07-27
4279,170,37,1,2025-08-14
4280,87,48,5,2026-03-13
4281,568,32,1,2026-06-03
4282,986,28,9,2025-10-19
4283,955,47,3,2026-07-06
4284,492,32,9,2026-05-12
4285,702,44,9,2026-08-11
4286,715,8,7,2026-08-07
4287,15,40,4,2026-05-29
4288,933,48,1,2025-08-17
4289,732,28,9,2026-08-11
4290,768,23,4,2026-07-03
4291,757,43,9,2025-10-18
4292,701,39,1,2026-01-04
4293,622,29,3,2026-02-09
4294,691,49,9,2025-09-09
4295,926,15,3,2026-01-13
4296,77,24,3,2025-08-21
4297,527,23,1,2025-09-07
4298,433,32,7,2026-01-29
4299,175,24,2,2026-07-02
4300,347,44,4,2025-08-19
4301,852,35,2,2025-10-30
4302,298,20,8,2026-08-12
4303,301,17,4,2026-01-05
4304,3,48,10,2025-10-22
4305,404,14,5,2026-07-02
4306,952,42,9,2025-08-26
4307,846,3,8,2025-12-15
4308,914,40,8,2025-08-15
4309,59,23,1,2025-08-24
4310,631,30,6,2026-03-13
4311,306,23,2,2025-10-27
4312,6,23,3,2026-01-10
4313,412,23,1,2026-01-26
4314,104,28,8,2025-11-12
4315,203,6,9,2025-11-22
4316,527,10,7,2026-03-11
4317,127,32,1,2026-06-20
4318,160,50,5,2026-06-23
4319,232,31,7,2026-01-20
4320,384,20,6,2026-03-06
4321,439,12,9,2026-05-25
4322,832,18,2,2026-01-17
4323,450,43,8,2025-11-08
4324,166,9,6,2026-03-03
4325,766,28,1,2026-02-25
4326,368,46,4,2026-07-28
4327,114,13,5,2025-08-23
4328,42,9,7,2026-01-04
4329,432,48,6,2026-07-18
4330,923,3,3,2025-11-15
4331,683,13,8,2025-10-08
4332,983,43,5,2025-12-18
4333,122,27,8,2026-05-05
4334,564,32,3,2026-06-07
4335,333,49,7,2026-03-01
4336,514,47,7,2025-09-20
4337,135,8,2,2026-03-20
4338,812,2,3,2026-05-09
4339,160,23,9,2025-11-02
4340,14,50,4,2026-01-28
4341,54,44,6,2025-10-08
4342,440,39,1,2026-05-16
4343,445,31,5,2025-10-16
4344,289,32,2,2026-06-23
4345,780,28,4,2025-10-09
4346,633,10,9,2026-03-09
4347,192,16,5,2026-06-08
4348,786,8,5,2025-11-01
4349,718,16,7,2026-04-07
4350,204,31,2,2025-11-29
4351,718,47,9,2026-05-21
4352,626,12,4,2026-06-07
4353,876,38,3,2025-09-02
4354,235,8,3,2026-06-11
4355,411,3,5,2026-05-01
4356,197,10,7,2026-01-24
4357,19,40,4,2026-04-05
4358,94,4,7,2026-06-09
4359,418,34,5,2026-01-25
4360,717,41,4,2025-10-11
4361,228,22,7,2026-04-04
4362,491,4,9,2025-12-20
4363,438,42,1,2025-10-26
4364,312,8,5,2026-02-07
4365,373,18,6,2026-03-28
4366,729,27,4,2026-03-29
4367,328,4,3,2025-12-26
4368,42,1,1,2026-01-24
4369,677,48,6,2025-08-12
4370,218,19,8,2026-06-22
4371,287,39,2,2026-01-18
4372,442,12,5,2026-06-06
4373,972,32,6,2026-01-12
4374,343,20,2,2026-02-09
4375,100,43,1,2025-12-22
4376,700,36,3,2026-01-10
4377,340,24,6,2026-06-26
4378,761,50,10,2025-10-13
4379,542,39,6,2026-02-27
4380,244,42,5,2026-04-12
4381,216,38,7,2026-07-15
4382,90,7,3,2026-03-06
4383,645,48,10,2026-06-16
4384,124,3,10,2025-10-13
4385,992,42,4,2025-08-29
4386,198,46,8,2025-10-19
4387,948,7,2,2025-09-09
4388,965,35,10,2025-12-25
4389,352,20,8,2026-06-10
4390,780,13,9,2025-11-29
4391,739,10,1,2026-06-05
4392,131,13,7,2026-03-26
4393,564,46,5,2025-11-22
4394,913,49,9,2026-02-26
4395,999,23,6,2026-07-12
4396,460,41,2,2026-03-14
4397,933,28,2,2025-10-14
4398,495,27,9,2025-10-08
4399,954,33,1,2026-07-28
4400,171,39,5,2025-11-10
4401,714,9,5,2025-10-14
4402,47,37,1,2026-07-28
4403,814,45,4,2025-11-09
4404,759,26,8,2025-09-05
4405,702,35,9,2025-10-07
4406,995,5,3,2025-12-26
4407,449,49,9,2026-04-07
4408,394,36,7,2025-12-11
4409,411,39,5,2026-06-20
4410,212,12,1,2025-09-02
4411,164,37,4,2026-03-26
4412,607,45,1,2026-05-05
4413,901,33,8,2026-08-09
4414,516,46,9,2025-11-23
4415,266,20,4,2026-05-30
4416,304,46,5,2026-04-18
4417,566,8,3,2025-08-24
4418,230,3,9,2026-06-21
4419,244,19,1,2026-03-12
4420,655,10,5,2026-06-05
4421,950,9,5,2026-06-03
4422,895,4,4,2025-11-24
4423,844,14,9,2026-05-25
4424,119,1,6,2026-03-28
4425,648,39,6,2026-05-15
4426,333,6,9,2025-11-09
4427,271,47,3,2026-06-28
4428,419,40,5,2025-11-27
4429,333,4,1,2025-11-10
4430,844,23,4,2026-07-14
4431,749,18,3,2026-03-16
4432,263,2,9,2025-09-29
4433,674,50,10,2026-06-05
4434,109,47,7,2025-08-21
4435,969,42,5,2026-03-06
4436,891,41,10,2026-05-09
4437,565,14,8,2026-08-12
4438,226,21,5,2025-11-04
4439,209,38,7,2025-09-27
4440,160,29,4,2026-07-31
4441,748,47,7,2025-11-18
4442,378,10,8,2025-11-18
4443,96,32,3,2025-10-10
4444,471,12,3,2026-03-12
4445,194,37,8,2026-01-21
4446,966,47,3,2025-12-12
4447,664,19,1,2026-03-19
4448,318,11,3,2025-12-04
4449,838,26,10,2026-06-28
4450,193,5,3,2026-03-20
4451,74,28,4,2025-09-30
4452,466,42,7,2025-09-01
4453,103,47,9,2025-10-03
4454,141,47,1,2026-07-31
4455,618,7,7,2026-01-05
4456,394,2,2,2025-09-08
4457,847,1,1,2026-01-27
4458,136,16,2,2026-03-15
4459,275,10,10,2025-11-21
4460,14,1,2,2025-09-04
4461,556,48,6,2025-08-17
4462,874,46,2,2025-10-17
4463,208,9,8,2026-05-22
4464,778,37,8,2025-11-18
4465,836,11,5,2025-09-15
4466,340,31,3,2025-10-25
4467,250,4,9,2026-01-23
4468,709,18,9,2026-03-27
4469,127,2,1,2026-05-30
4470,106,35,5,2026-03-14
4471,106,33,7,2025-10-17
4472,146,1,4,2026-01-22
4473,25,15,7,2026-04-26
4474,395,10,6,2025-09-17
4475,672,19,4,2025-12-26
4476,944,44,7,2026-05-03
4477,704,46,2,2025-09-27
4478,504,11,2,2026-01-14
4479,230,7,5,2026-07-25
4480,366,5,10,2026-02-01
4481,342,8,6,2025-10-06
4482,946,6,1,2026-06-20
4483,620,10,3,2026-03-30
4484,439,34,6,2026-01-04
4485,615,12,7,2025-12-30
4486,154,43,5,2026-07-06
4487,640,19,6,2025-10-02
4488,897,7,5,2025-08-21
4489,939,32,6,2026-03-27
4490,956,17,2,2025-09-25
4491,808,1,3,2026-06-03
4492,797,42,3,2025-11-03
4493,328,10,7,2025-08-13
4494,458,47,8,2026-03-17
4495,835,5,2,2026-04-10
4496,592,28,5,2026-06-29
4497,149,6,6,2026-07-08
4498,131,12,7,2025-12-05
4499,362,21,8,2025-10-01
4500,435,31,7,2025-09-03
4501,617,41,6,2025-10-11
4502,142,42,4,2025-09-19
4503,393,27,9,2025-12-19
4504,510,35,9,2025-11-04
4505,505,35,9,2025-12-11
4506,842,15,7,2025-08-15
4507,86,38,7,2025-09-15
4508,540,37,4,2025-10-27
4509,720,6,4,2026-05-21
4510,371,1,4,2025-09-17
4511,872,2,6,2026-04-03
4512,572,31,3,2025-11-29
4513,944,8,1,2026-04-12
4514,934,23,6,2025-08-30
4515,870,50,3,2026-06-19
4516,302,30,3,2026-02-05
4517,856,36,7,2026-03-16
4518,249,14,4,2026-04-02
4519,58,48,3,2025-11-15
4520,121,45,3,2026-03-21
4521,387,47,1,2025-09-27
4522,713,28,6,2026-04-22
4523,56,45,2,2025-11-11
4524,679,38,2,2025-09-29
4525,489,39,3,2026-08-02
4526,31,10,6,2026-02-11
4527,145,6,4,2025-11-06
4528,79,1,10,2026-06-07
4529,852,27,3,2026-03-29
4530,784,12,8,2026-04-16
4531,762,9,9,2026-04-25
4532,716,20,8,2026-02-25
4533,422,47,6,2025-09-21
4534,455,42,1,2025-10-17
4535,294,8,3,2026-07-17
4536,62,42,1,2025-08-14
4537,619,49,3,2026-05-21
4538,516,11,1,2026-02-04
4539,406,28,8,2025-08-27
4540,568,46,5,2026-02-08
4541,942,37,9,2025-12-29
4542,314,46,4,2026-03-10
4543,434,11,5,2026-07-29
4544,997,6,9,2026-06-30
4545,387,9,4,2026-05-16
4546,411,40,1,2026-03-15
4547,225,26,3,2026-08-07
4548,843,48,9,2026-01-16
4549,620,5,8,2025-09-15
4550,489,21,7,2026-06-27
4551,848,25,3,2026-07-23
4552,56,24,7,2025-10-11
4553,200,18,2,2026-01-30
4554,107,5,6,2026-02-26
4555,618,50,6,2025-11-26
4556,29,16,5,2026-01-17
4557,167,35,2,2025-09-01
4558,67,14,10,2026-02-18
4559,12,49,5,2026-04-01
4560,193,36,4,2026-05-26
4561,654,3,4,2025-12-21
4562,276,6,10,2026-02-20
4563,579,3,10,2025-10-21
4564,810,31,1,2026-05-09
4565,50,21,2,2025-10-13
4566,967,20,1,2026-05-22
4567,366,49,5,2026-04-25
4568,982,26,9,2026-04-29
4569,200,21,7,2026-02-02
4570,744,23,3,2026-01-07
4571,720,44,2,2025-10-13
4572,340,27,9,2026-05-09
4573,104,33,3,2025-11-17
4574,25,38,7,2026-02-04
4575,489,38,1,2026-04-09
4576,298,11,3,2026-05-24
4577,699,30,2,2025-12-22
4578,907,41,2,2026-07-16
4579,976,46,4,2026-06-23
4580,906,14,3,2026-04-02
4581,788,46,3,2025-12-06
4582,987,33,9,2025-12-26
4583,747,39,9,2026-05-26
4584,953,50,6,2026-01-02
4585,459,9,6,2026-03-03
4586,298,24,10,2025-10-14
4587,877,28,1,2026-06-26
4588,913,46,7,2025-08-15
4589,245,14,10,2025-09-19
4590,622,5,3,2025-10-18
4591,581,41,8,2026-05-05
4592,100,1,3,2026-04-11
4593,785,20,9,2026-04-01
4594,889,6,8,2025-10-12
4595,97,30,6,2026-07-01
4596,174,19,3,2025-11-29
4597,70,18,10,2025-10-13
4598,373,23,2,2026-01-09
4599,73,12,8,2026-03-15
4600,265,31,5,2025-11-12
4601,782,29,3,2025-10-16
4602,963,8,10,2025-08-16
4603,500,3,6,2026-06-19
4604,880,19,7,2025-10-13
4605,419,40,3,2025-10-10
4606,452,24,9,2026-07-15
4607,866,40,6,2025-09-12
4608,383,6,7,2026-03-08
4609,519,29,5,2025-10-15
4610,899,44,1,2025-08-16
4611,636,42,1,2025-08-16
4612,759,16,9,2026-04-25
4613,9,10,2,2026-01-11
4614,298,25,3,2025-10-13
4615,584,26,2,2026-04-22
4616,229,25,8,2025-08-26
4617,686,6,6,2026-01-09
4618,478,30,9,2025-08-12
4619,922,30,2,2026-07-14
4620,88,12,2,2026-07-04
4621,940,26,7,2026-06-11
4622,205,26,6,2025-08-31
4623,67,21,6,2026-03-12
4624,619,32,4,2026-01-16
4625,720,48,8,2025-10-18
4626,118,18,8,2026-02-02
4627,40,35,3,2025-11-24
4628,972,31,3,2025-08-26
4629,656,14,6,2026-05-01
4630,582,3,10,2026-03-24
4631,793,25,1,2025-08-30
4632,959,24,7,2026-05-17
4633,485,14,1,2026-03-10
4634,217,2,7,2025-11-09
4635,277,17,3,2026-05-18
4636,86,10,2,2026-02-25
4637,281,26,2,2025-10-16
4638,306,46,8,2025-10-09
4639,893,27,9,2026-06-14
4640,220,43,5,2025-09-15
4641,189,4,2,2026-07-25
4642,917,28,6,2025-11-01
4643,987,49,5,2026-06-19
4644,169,13,6,2026-04-23
4645,965,27,8,2026-01-12
4646,487,35,3,2025-08-19
4647,989,45,7,2026-02-21
4648,364,45,10,2026-01-27
4649,399,1,9,2026-04-10
4650,802,39,4,2025-12-07
4651,80,47,10,2025-11-22
4652,632,10,6,2025-09-21
4653,681,47,6,2026-04-19
4654,15,10,8,2026-01-11
4655,957,10,8,2026-06-15
4656,886,21,2,2026-02-01
4657,812,44,7,2026-01-18
4658,270,34,1,2025-09-28
4659,462,9,8,2025-11-22
4660,655,38,2,2026-04-28
4661,38,14,4,2026-04-30
4662,431,45,9,2025-12-19
4663,793,11,10,2025-08-17
4664,387,14,6,2025-12-09
4665,215,13,10,2026-01-28
4666,979,1,6,2025-10-24
4667,834,24,1,2026-01-14
4668,310,20,9,2026-01-21
4669,839,8,8,2026-01-14
4670,665,30,7,2025-10-04
4671,421,23,6,2025-11-01
4672,849,35,7,2025-09-21
4673,536,49,6,2026-08-06
4674,117,12,8,2026-07-02
4675,439,24,3,2026-05-26
4676,567,39,3,2025-09-22
4677,556,28,7,2026-04-04
4678,292,43,7,2026-05-29
4679,650,19,10,2025-11-14
4680,961,7,2,2026-04-29
4681,826,7,2,2026-07-31
4682,666,2,10,2025-11-29
4683,955,27,2,2026-07-21
4684,509,48,10,2026-04-30
4685,950,35,2,2026-01-01
4686,649,29,9,2025-11-21
4687,596,3,5,2026-06-07
4688,873,27,4,2025-09-23
4689,229,50,8,2026-05-13
4690,565,25,2,2026-01-27
4691,201,31,2,2026-01-28
4692,360,30,7,2026-04-10
4693,930,42,7,2026-01-01
4694,8,24,4,2025-12-22
4695,520,19,5,2026-07-26
4696,901,43,5,2026-07-05
4697,315,27,4,2026-05-14
4698,5,27,1,2026-01-13
4699,16,2,3,2026-04-22
4700,810,24,9,2026-05-28
4701,840,48,10,2026-03-21
4702,326,22,3,2025-10-16
4703,983,37,7,2026-08-03
4704,248,36,7,2026-06-07
4705,198,40,7,2026-06-30
4706,849,4,10,2026-06-04
4707,440,9,7,2026-02-01
4708,746,12,7,2026-06-22
4709,926,21,9,2025-09-17
4710,163,28,4,2026-03-01
4711,102,46,3,2025-08-19
4712,517,8,10,2025-09-12
4713,804,26,5,2026-06-17
4714,858,36,3,2026-03-26
4715,972,21,4,2026-03-06
4716,96,6,1,2025-10-14
4717,448,1,10,2026-04-24
4718,157,2,10,2025-08-27
4719,725,35,2,2025-10-12
4720,586,25,1,2026-03-05
4721,761,47,3,2026-01-21
4722,465,41,6,2025-11-17
4723,192,16,4,2025-11-17
4724,305,13,9,2026-05-20
4725,861,16,7,2025-10-12
4726,789,17,1,2025-11-18
4727,282,6,3,2026-01-15
4728,643,2,10,2025-12-12
4729,888,7,2,2025-10-22
4730,471,39,2,2026-06-09
4731,110,10,5,2026-03-09
4732,269,12,2,2026-01-23
4733,80,32,6,2026-05-17
4734,935,14,7,2025-08-15
4735,104,32,1,2025-12-21
4736,424,5,8,2025-11-27
4737,983,41,2,2026-02-24
4738,216,44,7,2026-05-11
4739,385,21,8,2025-12-28
4740,828,11,3,2026-05-17
4741,306,1,3,2026-01-11
4742,676,37,10,2026-03-07
4743,876,3,2,2025-11-22
4744,1000,22,6,2026-01-30
4745,496,40,10,2025-10-23
4746,560,1,3,2026-01-17
4747,535,48,5,2026-04-27
4748,949,8,4,2025-09-04
4749,621,2,9,2025-08-16
4750,24,34,9,2026-07-28
4751,780,10,4,2026-03-17
4752,888,24,2,2025-11-03
4753,921,14,1,2026-06-28
4754,336,9,4,2026-03-29
4755,86,47,3,2025-12-04
4756,275,18,8,2026-05-10
4757,205,6,6,2025-11-18
4758,726,36,5,2025-09-14
4759,479,48,8,2026-05-04
4760,447,33,7,2025-11-05
4761,945,13,5,2026-05-24
4762,178,13,5,2026-03-20
4763,985,26,2,2026-06-13
4764,598,50,10,2025-08-23
4765,320,11,4,2026-05-24
4766,977,47,8,2026-02-02
4767,444,29,7,2025-09-09
4768,611,48,5,2026-04-14
4769,836,21,10,2025-08-30
4770,111,39,7,2026-02-06
4771,440,13,10,2026-04-06
4772,362,24,2,2026-01-09
4773,461,11,1,2025-09-15
4774,982,33,5,2025-11-01
4775,601,27,5,2026-02-12
4776,619,42,9,2026-07-09
4777,361,26,1,2025-11-15
4778,118,12,6,2025-10-28
4779,440,12,6,2025-08-30
4780,252,5,4,2026-05-05
4781,673,24,6,2025-09-11
4782,149,50,6,2026-05-14
4783,126,1,6,2026-06-16
4784,705,1,6,2026-07-30
4785,219,30,10,2025-12-18
4786,815,21,4,2026-01-11
4787,576,5,7,2026-07-05
4788,291,39,4,2026-06-18
4789,540,14,2,2025-09-29
4790,575,18,10,2026-06-28
4791,969,43,2,2026-05-15
4792,588,42,7,2026-01-06
4793,699,49,7,2026-07-16
4794,326,21,4,2026-07-07
4795,202,4,8,2026-05-25
4796,511,3,5,2025-12-24
4797,432,8,2,2025-11-28
4798,464,11,10,2026-04-23
4799,335,38,7,2026-02-18
4800,243,37,1,2026-06-06
4801,292,2,10,2026-05-12
4802,5,30,5,2026-03-09
4803,135,26,1,2026-07-21
4804,918,35,9,2025-10-05
4805,41,22,1,2026-02-01
4806,72,31,2,2026-04-23
4807,850,27,5,2026-03-11
4808,282,21,6,2025-09-21
4809,410,6,9,2026-05-23
4810,794,21,8,2025-12-02
4811,628,4,7,2025-08-27
4812,306,45,8,2026-01-25
4813,506,42,2,2026-06-15
4814,864,24,10,2026-03-05
4815,106,2,4,2025-08-19
4816,49,1,3,2026-08-04
4817,108,21,7,2025-12-22
4818,232,11,2,2026-05-14
4819,196,47,6,2026-01-15
4820,836,35,1,2025-12-13
4821,957,45,1,2025-08-25
4822,266,3,2,2026-04-27
4823,50,20,2,2026-01-21
4824,271,22,10,2026-07-12
4825,811,25,5,2026-03-16
4826,716,11,3,2025-11-09
4827,598,30,2,2025-08-21
4828,130,21,3,2026-02-04
4829,772,38,7,2026-01-20
4830,653,29,2,2025-10-28
4831,535,34,4,2026-06-07
4832,592,31,8,2026-01-31
4833,1000,18,6,2026-05-28
4834,792,47,8,2026-07-09
4835,232,6,5,2026-02-28
4836,785,19,2,2025-09-30
4837,362,36,4,2026-05-07
4838,676,42,4,2026-01-12
4839,712,5,2,2026-07-02
4840,996,32,1,2026-02-01
4841,218,1,4,2026-03-10
4842,480,25,4,2025-11-22
4843,500,7,6,2025-09-10
4844,214,38,9,2025-08-17
4845,527,21,5,2026-02-15
4846,726,30,3,2026-02-13
4847,869,33,2,2026-02-13
4848,937,9,4,2025-12-10
4849,939,24,7,2026-02-11
4850,999,29,10,2025-12-10
4851,526,13,7,2026-03-18
4852,193,5,5,2026-06-10
4853,434,11,5,2025-12-31
4854,975,37,2,2026-05-14
4855,151,30,2,2026-03-09
4856,763,8,4,2025-10-25
4857,17,30,3,2026-04-17
4858,274,2,8,2025-10-12
4859,678,34,8,2026-02-16
4860,361,17,2,2026-03-26
4861,950,36,2,2026-06-18
4862,363,28,4,2026-05-15
4863,155,26,9,2026-08-08
4864,442,33,6,2025-08-20
4865,55,29,5,2026-06-16
4866,379,7,1,2026-05-31
4867,665,25,7,2026-04-02
4868,199,19,4,2026-06-18
4869,413,12,10,2026-06-16
4870,283,34,10,2026-04-02
4871,506,34,7,2026-03-08
4872,112,44,1,2025-10-01
4873,662,16,2,2025-09-24
4874,225,8,1,2026-01-25
4875,917,3,10,2025-11-16
4876,273,16,2,2026-06-21
4877,545,7,5,2026-01-13
4878,232,40,7,2026-04-25
4879,402,26,2,2025-09-09
4880,226,47,5,2026-06-24
4881,508,14,3,2026-04-18
4882,805,14,6,2026-01-21
4883,653,19,10,2026-01-08
4884,295,47,1,2025-10-26
4885,97,12,9,2026-06-15
4886,930,45,10,2026-05-18
4887,489,48,5,2026-01-06
4888,874,45,4,2025-10-10
4889,175,21,2,2026-07-18
4890,171,12,6,2026-04-16
4891,922,30,3,2026-06-29
4892,986,1,8,2026-02-01
4893,439,22,1,2026-07-23
4894,182,17,2,2026-03-12
4895,175,44,1,2025-10-15
4896,609,23,8,2026-06-14
4897,598,1,8,2026-06-15
4898,895,16,8,2025-09-10
4899,113,3,1,2026-08-11
4900,581,44,5,2026-06-06
4901,856,15,9,2026-07-18
4902,516,11,3,2026-02-07
4903,794,7,2,2026-03-05
4904,312,48,6,2026-01-12
4905,464,32,6,2025-12-08
4906,559,17,8,2026-07-01
4907,260,24,8,2025-10-25
4908,14,23,5,2026-06-02
4909,728,22,9,2026-01-28
4910,794,43,10,2026-01-26
4911,496,8,5,2026-07-12
4912,703,34,1,2025-08-14
4913,152,27,4,2026-01-13
4914,676,10,6,2026-06-11
4915,510,2,4,2026-03-23
4916,592,48,7,2025-10-13
4917,369,14,2,2026-03-14
4918,199,25,2,2025-10-08
4919,989,18,9,2025-10-26
4920,921,29,9,2026-04-23
4921,180,17,6,2026-02-24
4922,910,22,7,2026-07-27
4923,604,27,5,2025-11-05
4924,317,13,1,2026-07-01
4925,594,34,6,2026-04-15
4926,855,40,2,2025-11-06
4927,444,30,10,2025-12-09
4928,992,23,5,2026-04-20
4929,113,1,8,2026-04-03
4930,950,44,3,2026-04-22
4931,478,44,3,2025-09-22
4932,536,19,10,2025-12-21
4933,572,43,3,2026-03-07
4934,311,32,5,2026-08-05
4935,67,19,1,2026-01-23
4936,465,3,4,2026-08-10
4937,290,38,2,2026-03-19
4938,55,32,5,2025-09-04
4939,6,28,6,2025-12-14
4940,677,1,1,2026-02-25
4941,258,9,6,2025-10-20
4942,900,19,9,2025-12-24
4943,682,50,9,2026-08-11
4944,159,6,5,2026-02-22
4945,147,47,4,2026-07-28
4946,443,38,2,2025-11-19
4947,298,15,1,2026-03-05
4948,485,23,4,2026-02-15
4949,832,44,7,2026-05-22
4950,433,26,2,2026-04-10
4951,915,17,5,2025-11-09
4952,612,20,3,2025-08-31
4953,578,28,6,2025-10-04
4954,824,38,3,2026-06-26
4955,700,50,4,2026-04-17
4956,257,9,7,2026-05-09
4957,568,13,5,2026-01-29
4958,313,6,5,2026-02-25
4959,581,41,8,2026-01-10
4960,559,12,7,2026-02-11
4961,802,28,2,2026-07-17
4962,142,34,8,2025-12-31
4963,711,21,9,2025-12-27
4964,958,44,6,2026-04-03
4965,480,23,7,2026-04-11
4966,478,27,7,2026-04-17
4967,473,2,9,2025-12-15
4968,28,50,7,2026-04-05
4969,91,49,3,2026-03-12
4970,630,20,4,2026-05-15
4971,595,33,6,2026-07-08
4972,131,40,9,2025-08-30
4973,922,37,5,2025-12-28
4974,55,49,7,2026-06-19
4975,129,26,1,2026-06-30
4976,474,49,9,2026-03-12
4977,472,4,2,2026-05-03
4978,57,18,2,2025-10-02
4979,342,39,2,2026-06-19
4980,842,19,10,2026-02-15
4981,494,45,6,2025-12-10
4982,886,4,2,2025-10-24
4983,759,38,9,2026-01-23
4984,758,46,1,2025-08-28
4985,719,14,9,2026-02-02
4986,148,36,8,2026-07-20
4987,140,15,3,2026-08-04
4988,309,41,5,2026-01-09
4989,737,1,8,2025-11-29
4990,639,45,4,2026-01-22
4991,118,5,1,2025-08-29
4992,157,39,2,2025-08-23
4993,533,7,4,2026-03-30
4994,210,7,8,2025-08-23
4995,26,33,8,2026-04-03
4996,401,4,2,2026-06-25
4997,308,26,8,2026-06-22
4998,189,16,9,2026-01-25
4999,267,40,8,2026-01-06
5000,880,43,10,2026-02-21
5001,127,28,3,2026-03-19
5002,652,2,3,2026-01-10
5003,146,48,4,2025-10-14
5004,175,33,9,2026-06-26
5005,206,31,8,2025-11-28
5006,297,19,2,2025-11-29
5007,983,38,8,2026-02-20
5008,377,43,5,2026-05-14
5009,401,25,2,2025-08-23
5010,476,27,7,2026-06-19
5011,152,2,5,2026-01-26
5012,469,8,10,2026-02-16
5013,399,1,10,2026-04-10
5014,311,3,10,2026-07-31
5015,456,3,6,2026-07-26
5016,986,9,8,2025-10-18
5017,904,47,8,2026-04-05
5018,284,1,3,2026-03-31
5019,367,33,9,2025-09-13
5020,216,23,9,2026-01-12
5021,400,33,2,2025-08-12
5022,179,42,3,2026-07-20
5023,361,42,10,2026-04-19
5024,348,30,3,2026-05-02
5025,286,49,5,2026-07-01
5026,946,26,2,2025-12-30
5027,939,42,8,2025-09-21
5028,386,31,10,2026-05-31
5029,675,12,10,2026-01-07
5030,726,33,9,2025-09-29
5031,266,9,6,2026-03-04
5032,603,38,6,2026-02-22
5033,599,40,7,2026-06-15
5034,70,3,1,2025-11-07
5035,873,47,3,2025-09-24
5036,238,7,2,2025-09-01
5037,512,44,8,2026-05-16
5038,332,49,4,2025-10-15
5039,791,47,4,2026-07-15
5040,108,12,7,2025-10-22
5041,774,27,2,2026-07-07
5042,64,40,5,2025-11-16
5043,118,3,2,2025-11-18
5044,453,49,6,2025-12-09
5045,622,41,1,2026-03-17
5046,946,12,6,2026-03-30
5047,111,45,8,2025-10-18
5048,387,9,10,2025-11-12
5049,570,13,4,2026-08-12
5050,259,32,8,2026-04-18
5051,696,19,4,2026-06-28
5052,207,48,3,2026-07-07
5053,445,34,4,2025-09-10
5054,89,38,1,2025-08-16
5055,645,43,2,2026-05-12
5056,209,3,3,2026-06-04
5057,915,1,6,2026-07-18
5058,793,27,10,2025-10-03
5059,560,5,6,2025-10-10
5060,190,44,9,2026-06-28
5061,509,13,4,2025-10-29
5062,585,31,9,2026-03-18
5063,361,23,10,2026-03-14
5064,922,36,3,2026-07-21
5065,821,5,8,2025-10-08
5066,438,41,7,2025-11-01
5067,895,5,10,2025-12-23
5068,81,9,9,2025-08-15
5069,306,7,2,2026-03-01
5070,511,15,1,2025-11-17
5071,616,35,6,2026-01-24
5072,24,15,5,2026-06-09
5073,945,17,7,2026-07-17
5074,721,23,2,2025-09-02
5075,894,11,5,2026-03-23
5076,77,35,10,2026-04-06
5077,248,34,10,2026-01-23
5078,513,20,7,2025-09-29
5079,634,4,9,2026-05-15
5080,715,8,10,2025-11-08
5081,483,17,1,2025-12-06
5082,34,22,7,2026-06-17
5083,268,13,6,2026-07-04
5084,910,49,1,2025-12-02
5085,143,14,9,2025-12-18
5086,837,47,6,2025-11-01
5087,947,49,1,2026-05-18
5088,242,32,2,2025-11-13
5089,825,37,10,2026-05-14
5090,720,49,1,2026-04-25
5091,355,5,7,2026-06-06
5092,613,48,10,2026-05-28
5093,952,6,9,2026-05-24
5094,491,9,5,2025-11-21
5095,741,3,2,2025-08-17
5096,37,32,9,2025-11-08
5097,231,42,6,2026-01-05
5098,442,31,5,2026-04-25
5099,801,15,1,2026-06-15
5100,954,4,1,2026-07-06
5101,793,13,9,2026-02-28
5102,623,25,1,2025-09-24
5103,566,31,1,2026-06-27
5104,397,50,7,2026-03-08
5105,713,9,7,2026-08-12
5106,719,28,9,2025-11-11
5107,142,8,8,2025-12-25
5108,121,40,6,2026-07-21
5109,361,13,6,2026-01-05
5110,448,4,4,2025-10-06
5111,238,6,10,2025-10-23
5112,11,15,7,2025-09-27
5113,766,49,9,2026-01-15
5114,582,3,1,2025-12-29
5115,895,47,4,2026-06-03
5116,833,4,2,2026-03-21
5117,59,9,8,2026-03-28
5118,185,19,1,2026-02-21
5119,322,23,10,2025-11-23
5120,671,16,5,2025-09-07
5121,133,39,7,2025-12-26
5122,491,43,2,2025-12-03
5123,673,5,2,2026-06-06
5124,257,35,4,2026-08-01
5125,507,46,6,2026-06-21
5126,920,15,8,2026-04-12
5127,731,20,6,2025-10-14
5128,799,36,5,2026-05-12
5129,890,42,4,2026-07-26
5130,540,18,6,2025-10-19
5131,715,35,9,2026-02-19
5132,107,4,6,2025-10-18
5133,923,27,10,2026-07-29
5134,498,18,2,2026-03-06
5135,209,9,9,2025-09-28
5136,237,20,9,2025-12-30
5137,216,8,6,2026-01-04
5138,743,10,1,2026-07-31
5139,241,45,8,2026-07-25
5140,666,49,8,2026-03-08
5141,976,8,1,2026-01-08
5142,511,3,5,2025-10-20
5143,285,38,7,2025-12-16
5144,308,6,1,2026-03-23
5145,286,40,7,2026-03-15
5146,508,2,7,2026-07-03
5147,394,29,1,2026-03-19
5148,230,14,7,2026-06-08
5149,189,43,7,2026-03-15
5150,546,4,5,2026-05-08
5151,33,35,6,2026-05-28
5152,960,2,10,2026-05-07
5153,773,22,5,2025-11-10
5154,830,49,10,2025-12-07
5155,222,49,1,2026-03-02
5156,350,47,10,2026-02-02
5157,445,28,1,2026-08-02
5158,827,7,9,2026-03-03
5159,398,47,5,2026-01-28
5160,880,35,8,2026-02-09
5161,435,37,10,2026-03-23
5162,788,34,5,2025-12-26
5163,167,25,8,2026-05-24
5164,764,16,3,2025-08-16
5165,930,1,5,2025-09-25
5166,819,44,5,2025-11-13
5167,88,16,9,2025-10-14
5168,303,22,10,2026-02-19
5169,405,3,10,2026-06-25
5170,281,24,5,2025-11-12
5171,676,17,10,2026-03-22
5172,13,8,5,2025-11-10
5173,583,43,6,2025-12-09
5174,857,17,3,2026-03-20
5175,455,30,1,2026-05-12
5176,451,1,8,2026-08-04
5177,38,23,8,2026-03-19
5178,654,36,4,2025-10-07
5179,419,4,10,2025-09-27
5180,962,6,5,2025-08-15
5181,919,40,9,2025-08-13
5182,322,5,8,2025-09-05
5183,185,17,5,2025-11-28
5184,266,32,3,2026-04-07
5185,233,41,3,2026-04-09
5186,151,40,1,2026-01-29
5187,239,8,1,2026-01-04
5188,189,44,9,2026-06-15
5189,882,29,10,2026-05-04
5190,325,3,9,2026-07-23
5191,735,15,1,2026-07-28
5192,975,46,5,2025-12-01
5193,999,17,1,2026-04-07
5194,695,23,9,2025-11-03
5195,736,3,10,2025-08-24
5196,241,23,2,2025-11-24
5197,80,33,8,2026-07-20
5198,116,33,2,2025-09-06
5199,243,14,6,2025-11-29
5200,585,24,7,2025-08-18
5201,74,42,7,2026-02-17
5202,897,19,3,2026-03-10
5203,26,21,10,2025-12-07
5204,808,24,6,2026-07-07
5205,999,27,6,2026-06-16
5206,482,19,10,2026-01-31
5207,32,11,6,2025-08-24
5208,46,19,3,2026-03-24
5209,934,38,1,2026-01-18
5210,109,39,4,2025-12-09
5211,828,21,9,2026-04-14
5212,733,50,9,2025-11-28
5213,803,38,6,2026-05-10
5214,963,14,7,2026-04-13
5215,851,38,1,2026-04-24
5216,673,47,3,2025-11-28
5217,391,49,2,2025-08-16
5218,979,5,4,2026-03-27
5219,579,33,10,2026-04-28
5220,646,36,7,2025-10-06
5221,552,47,2,2026-02-17
5222,868,34,1,2025-11-05
5223,622,31,9,2026-06-12
5224,533,29,6,2025-08-23
5225,276,13,10,2026-07-19
5226,301,16,6,2026-08-10
5227,249,50,6,2026-01-15
5228,237,30,6,2026-07-22
5229,767,8,4,2025-09-18
5230,456,47,7,2026-07-23
5231,371,6,6,2026-03-04
5232,574,33,2,2026-03-27
5233,937,24,8,2025-09-26
5234,620,15,8,2026-07-21
5235,806,27,4,2026-07-22
5236,584,9,9,2026-06-10
5237,251,50,7,2026-02-27
5238,691,38,3,2026-08-03
5239,621,17,5,2026-06-06
5240,350,21,2,2026-04-06
5241,84,27,7,2026-06-21
5242,518,10,10,2026-01-06
5243,507,41,4,2025-09-29
5244,922,12,8,2025-08-13
5245,16,11,2,2026-02-01
5246,429,17,9,2025-12-23
5247,729,31,2,2026-03-29
5248,130,3,7,2025-08-13
5249,25,45,3,2026-03-25
5250,75,9,9,2026-01-08
5251,888,34,7,2026-07-20
5252,926,28,6,2026-01-16
5253,131,26,9,2025-12-11
5254,248,46,5,2026-02-03
5255,122,22,6,2026-05-16
5256,606,39,10,2026-04-07
5257,111,47,1,2026-05-07
5258,76,48,6,2026-07-30
5259,973,29,7,2025-11-26
5260,646,29,7,2026-06-17
5261,297,49,8,2025-12-03
5262,717,9,3,2026-05-30
5263,742,50,10,2025-12-02
5264,939,33,2,2025-11-14
5265,156,1,10,2026-04-29
5266,608,24,8,2025-12-06
5267,389,21,8,2026-07-30
5268,181,33,10,2026-04-09
5269,287,50,2,2026-02-04
5270,238,20,8,2026-03-26
5271,350,4,10,2026-06-19
5272,531,34,10,2025-09-16
5273,521,28,5,2025-08-30
5274,331,25,6,2026-02-07
5275,776,12,3,2025-10-22
5276,43,48,4,2025-10-13
5277,441,34,5,2026-02-09
5278,589,40,6,2026-08-02
5279,102,23,5,2025-09-03
5280,170,8,5,2026-01-12
5281,281,32,8,2026-05-16
5282,230,11,5,2026-05-17
5283,962,17,10,2025-10-16
5284,772,7,4,2025-08-28
5285,683,18,3,2026-04-23
5286,99,14,9,2026-06-12
5287,859,33,3,2026-05-11
5288,29,39,1,2026-03-13
5289,983,35,9,2026-05-03
5290,819,13,1,2026-03-16
5291,501,2,6,2026-02-16
5292,209,19,10,2025-10-21
5293,437,47,8,2026-01-27
5294,534,9,8,2025-10-20
5295,303,8,2,2026-05-06
5296,456,28,8,2026-06-04
5297,270,6,3,2026-06-19
5298,286,47,2,2025-12-03
5299,992,23,2,2026-06-17
5300,763,15,2,2025-11-24
5301,335,11,9,2026-03-22
5302,344,18,8,2026-05-24
5303,646,48,9,2026-02-08
5304,689,50,2,2025-08-21
5305,724,45,6,2026-05-13
5306,914,3,7,2026-02-23
5307,103,46,9,2026-06-24
5308,326,13,9,2026-05-22
5309,677,41,1,2025-12-05
5310,972,41,1,2025-09-05
5311,252,9,10,2026-08-01
5312,386,15,4,2025-08-13
5313,272,31,3,2026-06-14
5314,497,12,8,2026-01-10
5315,290,9,4,2025-09-08
5316,651,6,9,2026-05-16
5317,878,47,4,2025-09-07
5318,4,28,2,2026-01-31
5319,503,36,10,2025-08-24
5320,214,46,3,2026-07-14
5321,40,27,5,2026-03-03
5322,629,25,10,2026-05-24
5323,241,41,6,2025-12-20
5324,496,34,3,2026-02-04
5325,899,20,4,2025-11-07
5326,897,19,8,2026-04-09
5327,502,41,7,2026-06-24
5328,613,23,9,2026-03-17
5329,493,19,2,2025-09-09
5330,225,8,5,2025-12-18
5331,430,29,6,2025-10-21
5332,254,43,7,2025-11-13
5333,119,12,8,2026-03-21
5334,980,21,2,2025-09-07
5335,356,45,7,2026-05-29
5336,722,9,8,2026-02-14
5337,861,32,10,2025-12-16
5338,422,44,4,2026-02-27
5339,30,19,5,2025-09-09
5340,520,14,7,2026-05-08
5341,63,36,6,2025-09-15
5342,268,44,6,2026-07-05
5343,422,26,8,2026-01-24
5344,436,26,5,2025-11-19
5345,935,4,5,2026-06-01
5346,498,47,4,2026-01-02
5347,348,41,1,2025-12-23
5348,316,29,7,2026-03-20
5349,227,37,3,2025-09-23
5350,549,14,2,2026-01-04
5351,971,40,10,2026-04-05
5352,338,9,10,2026-06-08
5353,553,2,1,2025-08-12
5354,822,25,2,2025-11-24
5355,800,46,6,2026-03-15
5356,935,23,9,2026-07-04
5357,65,42,1,2026-06-01
5358,532,14,6,2026-05-01
5359,549,13,3,2025-12-06
5360,859,35,7,2025-12-04
5361,881,46,4,2026-02-25
5362,298,11,6,2026-08-07
5363,340,27,4,2026-08-10
5364,567,47,4,2025-11-11
5365,963,1,1,2026-07-15
5366,866,2,9,2026-04-29
5367,105,33,7,2025-10-05
5368,811,32,1,2025-09-10
5369,161,19,5,2026-02-25
5370,25,15,4,2026-04-18
5371,35,18,2,2026-03-15
5372,833,25,7,2026-01-03
5373,135,48,5,2025-10-09
5374,883,6,2,2026-07-21
5375,76,33,7,2026-05-06
5376,21,1,9,2025-11-07
5377,620,10,2,2025-12-26
5378,754,38,7,2026-06-08
5379,199,39,5,2026-03-03
5380,804,21,7,2026-04-19
5381,525,48,1,2025-11-22
5382,310,18,8,2026-08-02
5383,208,7,5,2026-05-11
5384,993,42,10,2026-04-10
5385,483,25,5,2026-02-23
5386,440,6,4,2025-08-16
5387,991,27,9,2026-01-02
5388,286,31,5,2025-10-08
5389,930,45,9,2026-04-24
5390,519,16,7,2025-09-14
5391,18,32,7,2026-07-07
5392,975,24,9,2025-11-23
5393,732,7,8,2026-01-19
5394,230,37,1,2026-03-19
5395,407,50,4,2026-06-25
5396,458,24,8,2026-05-03
5397,577,7,5,2025-12-15
5398,341,10,2,2026-01-11
5399,98,36,3,2025-10-24
5400,213,32,10,2026-07-19
5401,256,6,3,2026-03-21
5402,413,40,8,2026-01-30
5403,536,47,10,2025-11-16
5404,779,15,1,2025-08-19
5405,786,32,5,2026-07-10
5406,422,20,6,2026-07-07
5407,855,10,1,2026-05-17
5408,330,45,10,2026-06-15
5409,614,27,1,2026-02-06
5410,275,45,4,2026-02-13
5411,774,36,8,2026-07-31
5412,559,32,6,2026-03-04
5413,983,42,4,2026-08-10
5414,330,30,8,2025-08-27
5415,527,36,2,2025-10-12
5416,944,7,7,2026-08-05
5417,717,5,7,2026-04-30
5418,131,49,1,2026-03-19
5419,166,34,2,2026-03-25
5420,171,13,8,2026-02-25
5421,891,8,1,2026-05-03
5422,907,28,8,2026-04-22
5423,175,41,9,2026-07-02
5424,499,9,9,2025-11-23
5425,429,26,1,2025-11-01
5426,304,8,7,2025-09-14
5427,302,47,5,2026-04-18
5428,536,21,10,2026-07-11
5429,911,24,10,2026-06-04
5430,666,11,3,2025-12-28
5431,298,34,4,2025-09-16
5432,823,40,6,2026-02-24
5433,532,39,5,2026-03-02
5434,484,30,4,2026-03-05
5435,959,22,3,2025-12-15
5436,169,34,8,2026-05-31
5437,11,21,7,2025-11-08
5438,184,10,8,2026-04-09
5439,69,1,5,2025-09-21
5440,719,13,4,2026-04-09
5441,711,7,9,2025-08-23
5442,470,22,2,2026-08-10
5443,63,40,8,2026-05-31
5444,609,11,2,2026-04-15
5445,359,41,9,2025-10-09
5446,905,15,6,2025-08-18
5447,644,1,4,2025-11-02
5448,282,19,7,2026-07-09
5449,599,47,5,2026-04-17
5450,377,40,7,2026-02-02
5451,957,17,9,2026-07-26
5452,555,42,4,2025-12-22
5453,80,38,3,2025-11-21
5454,106,47,4,2026-02-03
5455,287,12,5,2026-04-24
5456,578,7,3,2026-05-28
5457,817,34,10,2026-06-24
5458,661,50,7,2026-04-17
5459,339,37,10,2026-04-17
5460,620,18,10,2025-10-01
5461,685,31,4,2026-04-03
5462,173,1,4,2025-10-22
5463,222,6,10,2026-01-21
5464,151,10,3,2025-09-04
5465,487,1,6,2026-01-01
5466,80,4,3,2025-09-07
5467,524,29,7,2026-03-26
5468,681,31,6,2025-12-14
5469,310,33,2,2025-11-09
5470,247,36,7,2025-11-19
5471,387,50,7,2026-06-28
5472,724,31,6,2026-02-05
5473,320,34,6,2025-12-31
5474,544,6,10,2026-01-08
5475,863,14,3,2026-06-27
5476,969,41,5,2025-10-16
5477,729,10,7,2025-12-09
5478,574,29,8,2026-05-16
5479,712,17,2,2025-12-27
5480,572,28,6,2025-08-13
5481,183,2,6,2025-11-04
5482,876,30,6,2025-08-16
5483,746,28,4,2026-05-13
5484,632,36,4,2025-09-07
5485,392,24,3,2026-02-23
5486,956,48,1,2025-08-18
5487,201,29,6,2025-12-26
5488,539,13,1,2026-06-05
5489,601,20,6,2026-07-10
5490,97,24,5,2025-08-14
5491,515,1,10,2026-07-09
5492,280,3,5,2026-02-17
5493,658,31,7,2025-08-29
5494,45,45,5,2026-07-17
5495,281,41,1,2025-08-30
5496,995,37,1,2025-11-06
5497,884,46,8,2026-01-04
5498,623,41,8,2025-11-07
5499,503,12,8,2026-06-11
5500,768,42,9,2025-12-25
5501,827,7,1,2025-09-28
5502,379,2,10,2026-02-22
5503,916,46,3,2026-04-03
5504,723,48,3,2026-04-05
5505,892,9,2,2026-01-15
5506,430,8,1,2026-06-14
5507,455,41,1,2026-03-28
5508,322,7,9,2026-03-15
5509,285,13,10,2025-08-16
5510,756,2,6,2025-10-30
5511,858,44,6,2025-08-28
5512,920,46,3,2025-09-24
5513,928,38,6,2025-10-11
5514,529,1,7,2026-06-02
5515,427,43,1,2025-11-06
5516,67,13,9,2025-08-22
5517,152,47,5,2025-12-23
5518,86,12,8,2025-08-20
5519,46,18,10,2025-11-15
5520,204,45,9,2025-10-08
5521,420,12,1,2025-10-24
5522,319,18,9,2026-07-23
5523,360,8,6,2026-05-16
5524,478,37,2,2026-03-08
5525,580,30,2,2026-04-23
5526,120,6,3,2025-12-24
5527,748,6,3,2026-06-21
5528,326,38,1,2026-03-10
5529,786,11,1,2026-06-09
5530,223,41,6,2026-08-01
5531,472,6,4,2025-08-27
5532,316,44,4,2026-03-28
5533,766,49,3,2026-02-23
5534,318,4,7,2025-08-27
5535,723,19,3,2026-06-23
5536,286,9,10,2026-01-28
5537,324,27,4,2026-07-13
5538,856,13,5,2026-07-24
5539,905,13,3,2026-07-20
5540,303,17,8,2026-04-11
5541,271,6,8,2025-11-14
5542,364,38,6,2025-11-20
5543,358,50,9,2026-03-30
5544,461,41,3,2026-07-26
5545,38,38,7,2025-08-28
5546,160,35,10,2025-11-24
5547,216,45,7,2026-03-03
5548,356,42,5,2026-03-21
5549,213,22,9,2026-04-22
5550,565,48,5,2026-07-16
5551,93,33,4,2025-11-02
5552,265,14,8,2025-09-14
5553,268,3,2,2026-03-04
5554,530,43,3,2026-03-30
5555,487,9,8,2025-09-25
5556,601,21,6,2026-02-28
5557,578,25,10,2026-01-01
5558,923,3,6,2026-03-30
5559,719,7,6,2026-02-21
5560,891,1,3,2025-11-23
5561,432,31,6,2026-06-15
5562,345,42,2,2025-11-23
5563,192,23,5,2025-12-10
5564,167,30,9,2026-08-05
5565,191,49,1,2025-10-08
5566,450,40,8,2025-10-12
5567,608,37,7,2026-05-29
5568,749,26,8,2025-12-25
5569,855,16,5,2025-09-26
5570,741,24,10,2026-03-25
5571,346,31,7,2025-08-31
5572,308,3,4,2026-04-24
5573,782,33,2,2025-12-29
5574,432,28,5,2025-11-05
5575,977,37,7,2026-06-05
5576,608,2,3,2025-09-18
5577,525,11,5,2026-01-12
5578,908,39,9,2025-10-02
5579,204,37,3,2026-02-26
5580,134,43,6,2025-08-23
5581,808,4,2,2025-08-15
5582,317,50,3,2026-01-23
5583,821,23,8,2026-04-03
5584,406,11,8,2026-05-16
5585,1,43,3,2026-07-08
5586,206,12,5,2026-01-07
5587,315,6,3,2025-09-28
5588,242,14,7,2025-12-19
5589,93,47,4,2026-08-10
5590,158,44,9,2025-12-23
5591,866,50,6,2025-12-23
5592,6,31,3,2025-09-06
5593,353,7,8,2026-07-27
5594,564,44,7,2026-04-18
5595,716,14,8,2025-09-05
5596,685,25,8,2025-11-04
5597,724,16,2,2026-05-04
5598,397,9,6,2026-07-26
5599,782,9,7,2026-01-13
5600,792,21,5,2026-06-04
5601,840,44,7,2025-12-05
5602,612,26,9,2025-08-31
5603,74,23,8,2026-02-20
5604,686,48,10,2026-03-09
5605,28,15,10,2025-12-26
5606,183,50,4,2025-10-16
5607,378,24,6,2025-11-30
5608,514,1,10,2025-10-27
5609,614,49,7,2026-03-16
5610,937,5,4,2025-12-02
5611,142,32,4,2026-03-07
5612,46,14,5,2025-09-01
5613,446,6,6,2025-12-27
5614,394,42,3,2025-11-16
5615,436,10,5,2026-05-11
5616,319,25,8,2025-10-29
5617,36,17,7,2026-04-17
5618,184,11,7,2025-12-07
5619,699,34,2,2026-07-21
5620,477,6,6,2026-07-13
5621,703,47,2,2026-03-13
5622,672,26,1,2025-12-06
5623,165,21,3,2026-01-27
5624,589,33,7,2026-03-09
5625,703,30,1,2026-05-08
5626,498,42,7,2026-05-16
5627,433,50,1,2026-07-19
5628,311,28,5,2026-04-02
5629,760,41,2,2026-02-22
5630,619,29,9,2026-01-18
5631,382,50,8,2026-05-11
5632,730,22,9,2025-11-29
5633,996,24,2,2026-05-01
5634,805,12,7,2026-03-12
5635,545,49,7,2026-01-16
5636,892,44,2,2026-01-01
5637,154,1,6,2025-09-26
5638,971,46,10,2025-11-06
5639,265,13,9,2026-06-30
5640,833,40,8,2026-04-30
5641,446,4,8,2026-02-09
5642,289,3,2,2026-03-29
5643,889,32,8,2026-03-04
5644,376,4,10,2026-01-03
5645,703,24,5,2026-07-27
5646,436,22,5,2025-12-26
5647,786,2,9,2026-01-30
5648,274,12,5,2026-05-21
5649,366,27,1,2026-08-02
5650,458,21,5,2026-08-10
5651,652,3,10,2026-04-23
5652,115,23,1,2026-06-18
5653,545,48,7,2026-06-01
5654,255,12,2,2025-09-13
5655,548,7,3,2025-11-17
5656,745,10,8,2026-06-21
5657,442,18,6,2026-06-02
5658,996,30,10,2025-09-17
5659,250,47,9,2025-10-18
5660,583,30,1,2025-08-21
5661,79,21,6,2025-12-21
5662,40,10,10,2026-02-06
5663,742,41,2,2025-10-30
5664,392,33,2,2026-06-19
5665,346,41,5,2025-10-03
5666,433,26,1,2026-04-27
5667,189,48,5,2026-04-24
5668,739,42,2,2025-10-28
5669,857,28,2,2026-04-18
5670,813,13,10,2025-10-27
5671,268,20,10,2026-08-12
5672,527,35,4,2026-01-07
5673,711,4,6,2025-11-14
5674,588,31,4,2025-10-19
5675,779,28,5,2026-03-05
5676,765,45,3,2025-09-29
5677,284,33,1,2025-11-07
5678,620,26,3,2025-10-10
5679,695,19,5,2026-01-03
5680,6,27,4,2026-06-02
5681,20,27,3,2026-07-30
5682,282,18,8,2025-12-27
5683,614,41,6,2026-06-22
5684,100,15,4,2026-04-07
5685,19,46,6,2025-11-14
5686,227,5,10,2026-01-19
5687,295,47,10,2026-07-14
5688,847,30,10,2026-03-27
5689,431,41,10,2026-04-28
5690,337,35,7,2025-11-01
5691,488,36,1,2026-02-23
5692,352,22,6,2025-12-13
5693,355,29,3,2025-10-02
5694,474,48,8,2025-10-01
5695,216,35,3,2026-04-20
5696,690,25,5,2025-08-19
5697,413,3,10,2025-09-15
5698,991,6,8,2026-04-21
5699,575,23,2,2025-08-12
5700,213,48,9,2026-01-13
5701,379,20,5,2025-10-20
5702,769,21,8,2026-05-17
5703,691,30,1,2025-10-15
5704,160,40,10,2025-11-22
5705,171,40,6,2025-10-01
5706,579,28,7,2026-07-29
5707,784,2,5,2026-02-09
5708,570,48,8,2025-09-06
5709,241,25,9,2026-03-16
5710,135,25,10,2025-10-05
5711,972,8,2,2026-03-22
5712,406,14,4,2026-05-31
5713,114,37,5,2026-02-04
5714,183,11,7,2026-06-08
5715,564,27,6,2026-06-23
5716,770,14,7,2025-12-10
5717,923,39,5,2025-11-18
5718,328,50,6,2025-12-15
5719,646,7,6,2026-07-06
5720,515,35,9,2025-09-02
5721,402,15,7,2026-07-16
5722,507,49,8,2025-12-08
5723,294,29,3,2026-03-08
5724,947,12,7,2026-03-23
5725,296,1,9,2025-09-06
5726,850,22,8,2026-03-01
5727,672,12,2,2025-10-31
5728,393,38,7,2025-08-22
5729,998,27,7,2026-05-01
5730,194,41,1,2026-01-02
5731,634,15,3,2025-11-24
5732,625,40,9,2025-11-09
5733,83,39,10,2026-04-15
5734,750,27,1,2025-10-18
5735,333,40,4,2026-05-16
5736,171,37,8,2026-08-10
5737,701,6,6,2026-05-04
5738,24,48,10,2025-10-06
5739,905,42,7,2025-09-27
5740,566,33,4,2026-01-23
5741,871,11,8,2026-01-29
5742,378,47,4,2025-10-25
5743,180,31,4,2025-09-08
5744,331,9,5,2026-07-02
5745,67,2,4,2026-02-13
5746,592,30,8,2026-07-29
5747,251,44,10,2026-07-27
5748,455,16,3,2026-01-06
5749,997,30,9,2025-11-29
5750,657,8,10,2026-02-03
5751,858,22,3,2026-07-16
5752,251,30,2,2026-01-21
5753,8,48,1,2025-10-26
5754,699,44,7,2025-12-22
5755,888,34,8,2025-11-07
5756,883,25,2,2026-05-30
5757,802,27,5,2025-12-12
5758,905,46,9,2025-12-04
5759,124,46,10,2026-03-28
5760,663,35,1,2026-05-30
5761,450,31,1,2025-09-30
5762,300,26,1,2025-11-25
5763,373,26,9,2026-05-05
5764,645,42,8,2025-08-25
5765,439,8,2,2026-02-01
5766,150,17,10,2026-04-28
5767,772,8,3,2026-05-05
5768,376,27,6,2025-09-29
5769,146,16,8,2026-02-09
5770,216,17,2,2025-08-18
5771,338,42,2,2026-04-06
5772,470,46,8,2026-01-17
5773,771,16,5,2026-05-25
5774,351,19,8,2025-12-24
5775,339,29,5,2025-10-12
5776,582,18,10,2026-01-24
5777,37,49,3,2025-10-01
5778,152,34,5,2026-03-08
5779,27,15,6,2025-08-12
5780,578,24,5,2026-07-16
5781,315,46,3,2026-06-11
5782,582,41,5,2025-08-17
5783,487,46,8,2025-08-26
5784,690,19,3,2026-04-27
5785,762,45,3,2025-10-20
5786,151,39,5,2026-02-14
5787,880,25,5,2026-08-06
5788,653,15,1,2026-04-01
5789,872,14,10,2026-05-29
5790,311,10,10,2026-07-23
5791,13,17,6,2026-07-01
5792,739,33,9,2026-05-30
5793,416,31,10,2026-07-24
5794,922,11,6,2026-05-05
5795,660,10,10,2025-11-23
5796,874,33,6,2026-01-22
5797,536,24,7,2025-12-05
5798,887,32,3,2026-02-05
5799,892,34,8,2026-03-14
5800,180,31,7,2025-09-19
5801,15,43,2,2026-07-16
5802,351,15,5,2026-08-06
5803,212,15,3,2026-04-24
5804,285,39,2,2026-03-08
5805,666,13,6,2026-02-05
5806,511,30,10,2026-03-10
5807,935,41,1,2026-02-26
5808,861,48,9,2025-11-21
5809,920,15,4,2026-08-11
5810,373,43,1,2026-05-27
5811,409,41,2,2025-11-14
5812,975,22,9,2026-07-12
5813,69,18,9,2026-02-13
5814,985,35,9,2025-08-24
5815,894,6,1,2026-05-09
5816,458,37,9,2026-07-03
5817,254,16,5,2026-06-05
5818,817,48,3,2025-08-17
5819,707,42,4,2025-11-23
5820,234,45,8,2026-04-26
5821,182,3,10,2026-04-11
5822,273,36,5,2025-10-03
5823,94,48,4,2026-01-11
5824,751,5,3,2026-06-27
5825,536,20,1,2025-11-28
5826,213,15,4,2025-09-27
5827,600,49,10,2026-05-11
5828,489,30,2,2026-08-03
5829,550,4,6,2025-11-14
5830,809,41,2,2025-12-29
5831,202,31,2,2025-09-28
5832,453,6,8,2025-10-08
5833,203,7,9,2026-02-28
5834,604,14,10,2026-04-26
5835,499,20,10,2026-06-30
5836,10,38,7,2026-06-02
5837,882,8,8,2025-09-08
5838,797,42,4,2026-06-25
5839,604,41,10,2025-09-19
5840,774,30,1,2026-03-25
5841,258,49,7,2026-03-05
5842,616,18,8,2025-12-14
5843,647,12,6,2025-11-12
5844,520,31,9,2025-08-13
5845,291,42,5,2025-09-07
5846,271,35,4,2026-04-19
5847,350,18,9,2026-01-18
5848,516,20,8,2026-04-24
5849,115,49,3,2026-07-14
5850,500,1,6,2025-10-10
5851,915,33,8,2026-07-10
5852,508,11,3,2026-06-06
5853,68,49,7,2026-08-02
5854,690,20,2,2026-04-26
5855,948,29,6,2025-12-01
5856,654,44,9,2026-02-10
5857,843,12,4,2025-10-14
5858,798,7,4,2026-07-03
5859,219,20,9,2026-04-02
5860,313,21,9,2025-12-14
5861,484,7,5,2026-04-30
5862,950,40,4,2026-05-12
5863,585,44,3,2026-04-23
5864,332,11,4,2025-09-04
5865,785,26,3,2026-02-15
5866,873,11,10,2026-02-11
5867,679,11,6,2025-10-02
5868,980,34,8,2026-07-31
5869,670,39,7,2025-10-26
5870,799,47,5,2026-02-20
5871,235,17,8,2026-02-27
5872,957,20,6,2026-02-04
5873,149,20,6,2025-12-10
5874,745,23,6,2026-02-28
5875,461,20,7,2026-06-18
5876,577,26,7,2025-09-05
5877,6,49,7,2026-02-19
5878,57,27,6,2025-12-30
5879,662,9,8,2025-09-09
5880,786,18,1,2026-05-06
5881,839,46,4,2026-04-24
5882,214,43,5,2025-11-13
5883,302,24,1,2026-04-04
5884,330,28,7,2026-01-05
5885,334,36,9,2026-01-30
5886,757,13,4,2026-08-05
5887,633,33,8,2026-03-19
5888,877,18,2,2026-08-02
5889,77,16,3,2026-08-01
5890,334,47,8,2026-01-02
5891,965,47,10,2026-05-14
5892,482,3,7,2025-12-08
5893,705,46,8,2026-01-15
5894,256,18,10,2026-01-21
5895,601,25,1,2025-11-18
5896,104,4,6,2026-05-22
5897,283,35,6,2025-12-31
5898,449,19,2,2026-07-01
5899,484,9,2,2026-02-26
5900,333,50,7,2026-08-02
5901,845,10,3,2026-06-21
5902,604,20,10,2026-06-22
5903,205,36,2,2026-01-21
5904,449,16,6,2025-10-24
5905,587,35,5,2026-06-02
5906,571,34,5,2025-08-30
5907,707,2,3,2026-02-26
5908,791,50,2,2026-03-10
5909,892,45,6,2025-10-02
5910,981,24,8,2025-09-11
5911,766,14,3,2026-01-05
5912,329,30,4,2025-08-14
5913,472,24,6,2026-01-12
5914,204,44,5,2025-12-20
5915,262,39,1,2025-12-06
5916,144,8,7,2026-01-23
5917,438,26,8,2026-02-13
5918,818,4,9,2026-07-26
5919,62,33,6,2025-12-10
5920,17,37,7,2026-04-12
5921,33,33,6,2026-02-19
5922,810,35,8,2026-01-04
5923,290,37,6,2025-12-09
5924,650,5,2,2026-05-16
5925,579,6,9,2026-07-03
5926,800,8,9,2025-12-18
5927,163,33,2,2026-08-09
5928,588,30,10,2025-10-14
5929,666,13,2,2026-01-31
5930,786,44,7,2025-11-20
5931,838,18,8,2025-08-14
5932,463,48,3,2025-12-31
5933,667,22,2,2026-01-22
5934,187,42,10,2026-02-18
5935,348,30,9,2026-06-04
5936,800,45,7,2026-06-03
5937,911,2,7,2026-06-21
5938,589,19,1,2025-11-26
5939,639,25,1,2025-09-02
5940,9,15,6,2025-09-07
5941,438,10,5,2025-12-30
5942,877,15,10,2025-11-13
5943,691,50,6,2025-09-19
5944,546,30,4,2025-10-15
5945,789,37,6,2025-11-13
5946,915,46,10,2025-11-30
5947,157,13,3,2025-09-06
5948,212,20,3,2026-02-15
5949,104,2,9,2026-03-23
5950,617,3,3,2026-07-19
5951,554,23,2,2025-08-13
5952,336,21,4,2026-06-01
5953,674,14,4,2026-06-12
5954,311,11,7,2025-10-24
5955,278,15,4,2026-01-07
5956,791,23,1,2026-02-23
5957,141,29,2,2026-01-14
5958,855,25,1,2026-02-15
5959,455,48,4,2025-11-05
5960,390,4,8,2025-12-06
5961,450,26,4,2026-01-31
5962,211,50,7,2025-08-27
5963,605,8,2,2025-09-04
5964,993,12,9,2025-08-19
5965,936,38,9,2025-11-09
5966,125,11,4,2025-10-21
5967,124,32,10,2026-06-30
5968,367,48,6,2025-11-29
5969,426,13,4,2026-07-20
5970,93,33,6,2025-10-07
5971,490,17,9,2025-10-28
5972,115,30,1,2026-04-04
5973,8,25,7,2025-09-03
5974,410,7,6,2025-08-28
5975,370,20,2,2026-04-22
5976,445,42,5,2026-05-06
5977,235,45,2,2026-02-25
5978,667,42,7,2026-05-08
5979,897,31,1,2025-11-01
5980,975,18,6,2026-08-06
5981,47,10,4,2026-05-23
5982,182,37,1,2025-11-21
5983,132,34,3,2025-09-06
5984,144,45,8,2025-11-18
5985,781,3,1,2026-03-11
5986,611,14,5,2026-03-13
5987,381,40,7,2026-01-17
5988,844,11,7,2025-09-05
5989,177,12,9,2026-03-22
5990,989,10,3,2026-03-18
5991,374,8,3,2026-06-25
5992,31,32,4,2026-07-14
5993,314,26,6,2026-07-05
5994,931,17,10,2026-06-29
5995,329,2,1,2025-09-30
5996,340,2,8,2025-11-19
5997,36,48,3,2026-08-09
5998,936,27,1,2026-03-03
5999,553,25,10,2025-09-21
6000,740,34,3,2025-12-22
6001,162,7,1,2026-03-23
6002,358,15,2,2026-02-20
6003,430,5,2,2025-11-29
6004,992,31,8,2026-07-12
6005,426,35,8,2026-01-28
6006,138,39,1,2025-12-19
6007,319,31,8,2026-05-20
6008,922,17,3,2026-05-14
6009,331,43,9,2026-02-08
6010,375,40,2,2026-08-08
6011,490,32,10,2026-08-03
6012,201,9,4,2025-08-17
6013,528,9,3,2025-12-07
6014,231,43,2,2026-04-03
6015,762,7,7,2026-07-26
6016,290,40,2,2026-03-09
6017,256,15,5,2026-04-16
6018,190,47,5,2026-07-03
6019,337,46,8,2026-03-13
6020,685,38,9,2026-03-29
6021,530,37,5,2026-02-28
6022,779,9,6,2025-10-02
6023,433,24,3,2026-08-06
6024,594,48,1,2025-08-12
6025,766,25,1,2026-05-01
6026,814,13,3,2025-11-11
6027,15,10,1,2025-10-04
6028,856,16,3,2026-06-27
6029,407,21,1,2026-06-21
6030,586,31,8,2026-06-01
6031,879,23,4,2026-08-01
6032,644,37,7,2025-12-19
6033,463,14,8,2026-02-22
6034,637,17,9,2026-08-03
6035,451,8,5,2025-10-02
6036,672,50,9,2026-02-18
6037,947,22,6,2026-03-23
6038,914,12,5,2026-06-26
6039,350,32,9,2026-01-30
6040,468,43,2,2026-06-17
6041,685,22,9,2025-10-07
6042,270,5,6,2025-11-03
6043,437,42,1,2026-03-06
6044,988,35,3,2026-01-20
6045,97,15,8,2026-01-27
6046,850,8,2,2025-11-24
6047,564,46,5,2026-01-18
6048,130,23,5,2025-12-22
6049,464,28,9,2025-12-23
6050,963,6,9,2026-07-25
6051,187,26,9,2026-04-09
6052,200,10,4,2025-09-05
6053,795,2,4,2026-07-07
6054,752,48,6,2026-05-09
6055,539,39,3,2026-08-10
6056,577,34,9,2026-04-20
6057,49,35,6,2026-05-03
6058,553,15,9,2025-10-24
6059,171,24,3,2026-02-11
6060,103,44,3,2026-05-15
6061,651,41,10,2025-09-28
6062,232,49,3,2026-03-21
6063,554,40,7,2026-05-26
6064,879,13,5,2026-02-18
6065,51,26,5,2026-01-04
6066,400,34,7,2026-02-16
6067,916,31,8,2026-07-21
6068,330,9,5,2025-09-19
6069,1,5,5,2026-01-12
6070,726,36,5,2025-11-09
6071,214,47,10,2026-05-19
6072,609,5,1,2025-10-12
6073,774,27,3,2026-07-04
6074,148,31,3,2025-08-23
6075,783,16,7,2026-04-04
6076,806,11,7,2026-05-03
6077,401,38,4,2025-12-27
6078,255,23,2,2026-03-27
6079,232,18,3,2025-11-22
6080,915,26,2,2026-01-27
6081,744,48,10,2026-06-14
6082,968,44,3,2025-11-27
6083,211,29,3,2026-02-16
6084,689,18,6,2025-09-17
6085,12,41,2,2026-08-06
6086,534,20,9,2025-10-21
6087,106,50,10,2025-08-12
6088,483,15,8,2026-01-06
6089,306,8,9,2026-06-16
6090,761,40,8,2025-10-29
6091,158,5,6,2026-07-31
6092,897,18,1,2026-07-12
6093,391,17,2,2025-09-12
6094,642,30,7,2025-09-14
6095,600,11,8,2026-06-05
6096,777,19,4,2026-07-15
6097,536,7,2,2026-05-31
6098,750,39,10,2025-09-14
6099,886,24,4,2026-02-25
6100,891,43,8,2025-10-05
6101,857,45,7,2026-05-24
6102,432,4,2,2026-07-02
6103,886,50,5,2026-06-09
6104,863,47,5,2026-06-08
6105,927,17,9,2026-03-06
6106,337,27,5,2026-01-10
6107,366,6,1,2026-02-28
6108,104,46,8,2026-06-13
6109,249,38,8,2026-07-19
6110,227,38,7,2026-07-17
6111,682,18,2,2025-11-06
6112,800,46,8,2026-01-27
6113,575,39,10,2025-10-03
6114,385,39,9,2026-04-08
6115,892,43,7,2025-09-24
6116,44,39,2,2026-03-28
6117,605,42,2,2026-07-24
6118,590,7,2,2025-08-21
6119,990,49,4,2025-10-06
6120,370,38,10,2025-10-13
6121,432,26,1,2026-01-31
6122,356,42,8,2026-06-10
6123,873,30,10,2025-09-01
6124,885,34,1,2026-04-28
6125,963,26,7,2026-05-30
6126,686,2,4,2026-08-05
6127,581,12,1,2025-12-05
6128,646,22,2,2025-11-19
6129,300,27,1,2026-05-31
6130,747,30,5,2026-02-26
6131,368,44,6,2026-04-02
6132,361,16,5,2025-09-01
6133,457,4,6,2026-07-03
6134,470,45,5,2025-11-22
6135,788,11,4,2026-01-29
6136,572,50,9,2026-01-22
6137,664,21,7,2025-12-08
6138,772,23,3,2025-11-14
6139,865,32,2,2026-03-29
6140,342,23,10,2026-01-21
6141,552,48,4,2026-02-09
6142,325,20,2,2025-12-04
6143,937,47,2,2026-03-17
6144,655,26,6,2025-09-09
6145,637,32,3,2026-06-07
6146,775,25,4,2026-06-24
6147,272,46,8,2026-02-25
6148,360,22,8,2026-04-19
6149,918,24,3,2026-06-16
6150,983,11,6,2026-05-13
6151,17,8,4,2026-01-28
6152,596,20,9,2025-09-05
6153,718,42,9,2026-03-13
6154,304,49,9,2025-12-07
6155,552,12,7,2026-03-20
6156,634,45,2,2026-03-04
6157,204,6,2,2025-11-30
6158,729,39,7,2026-02-14
6159,873,17,3,2026-03-22
6160,734,22,9,2026-04-29
6161,363,26,3,2026-01-01
6162,944,25,2,2026-01-07
6163,866,48,5,2026-03-01
6164,629,37,2,2026-02-13
6165,332,15,8,2026-03-01
6166,846,3,4,2026-01-21
6167,562,10,5,2025-10-26
6168,27,32,4,2025-08-20
6169,854,45,4,2025-10-07
6170,252,15,8,2025-08-18
6171,664,14,3,2026-02-03
6172,13,19,4,2025-09-10
6173,988,2,10,2025-11-07
6174,495,29,7,2026-01-05
6175,570,36,10,2025-09-20
6176,197,27,3,2025-09-22
6177,869,34,10,2026-03-31
6178,410,41,10,2026-04-13
6179,910,25,5,2025-08-22
6180,724,24,5,2026-06-18
6181,442,24,6,2026-05-09
6182,922,16,6,2026-02-28
6183,554,23,2,2026-06-03
6184,982,45,3,2025-09-17
6185,330,45,4,2026-07-17
6186,815,35,10,2026-04-05
6187,132,7,9,2026-02-25
6188,726,31,9,2026-04-04
6189,322,7,10,2026-06-18
6190,234,47,6,2026-05-25
6191,735,45,9,2025-09-16
6192,841,15,8,2026-05-19
6193,276,37,1,2026-06-06
6194,472,40,8,2025-08-21
6195,510,38,7,2026-06-10
6196,67,11,1,2025-08-14
6197,574,29,9,2026-01-06
6198,666,4,6,2026-04-30
6199,489,46,3,2026-06-19
6200,66,44,6,2026-03-18
6201,67,47,5,2026-06-27
6202,584,17,1,2025-08-29
6203,731,39,8,2026-03-14
6204,442,46,3,2025-10-31
6205,406,14,8,2026-05-24
6206,318,35,5,2026-03-15
6207,339,15,10,2025-10-03
6208,818,33,7,2026-03-02
6209,148,50,9,2026-07-05
6210,698,38,6,2025-11-01
6211,884,1,10,2026-07-09
6212,55,46,6,2026-02-15
6213,602,8,2,2026-07-18
6214,629,5,9,2026-01-18
6215,424,47,3,2025-12-01
6216,751,13,4,2026-07-08
6217,616,50,3,2026-07-15
6218,856,12,1,2025-11-08
6219,665,32,2,2025-12-05
6220,340,6,2,2026-01-12
6221,969,26,10,2025-12-10
6222,718,44,7,2026-02-15
6223,825,27,7,2026-01-10
6224,714,31,3,2026-02-17
6225,868,22,3,2026-05-06
6226,99,20,6,2025-11-02
6227,182,46,7,2026-08-03
6228,901,17,8,2025-12-13
6229,93,12,5,2026-04-21
6230,412,13,4,2025-08-16
6231,360,42,2,2026-02-06
6232,348,29,2,2025-11-06
6233,537,17,1,2025-09-18
6234,901,39,1,2025-10-13
6235,571,4,6,2026-06-02
6236,98,11,1,2026-07-06
6237,987,34,1,2025-10-30
6238,5,21,7,2025-12-08
6239,314,2,10,2025-12-14
6240,577,24,2,2025-08-27
6241,979,12,4,2026-06-16
6242,652,40,8,2025-12-06
6243,187,35,4,2026-04-16
6244,1000,23,2,2025-08-23
6245,894,44,3,2025-09-27
6246,615,24,10,2025-09-15
6247,182,29,3,2026-02-03
6248,520,10,8,2026-03-20
6249,32,40,1,2026-06-29
6250,958,35,2,2025-11-01
6251,827,20,5,2025-11-20
6252,111,23,3,2026-06-08
6253,605,34,3,2025-11-16
6254,922,7,8,2025-12-03
6255,198,39,3,2026-08-06
6256,628,22,8,2026-02-24
6257,951,43,9,2025-09-19
6258,852,25,8,2025-09-08
6259,967,8,9,2025-09-04
6260,68,22,4,2026-07-02
6261,375,10,4,2026-07-26
6262,984,32,4,2026-04-07
6263,814,26,1,2026-04-25
6264,367,4,8,2026-05-14
6265,831,43,10,2026-07-20
6266,102,34,2,2026-08-04
6267,680,42,6,2026-05-29
6268,934,34,10,2026-06-19
6269,589,45,9,2025-10-23
6270,535,26,9,2026-02-24
6271,659,13,5,2026-01-21
6272,329,9,8,2025-12-08
6273,782,13,5,2026-05-13
6274,967,41,7,2026-06-07
6275,414,28,7,2026-05-23
6276,85,32,1,2026-03-20
6277,504,7,6,2026-05-11
6278,575,31,10,2026-03-13
6279,399,20,8,2026-01-19
6280,806,50,5,2026-06-27
6281,790,44,1,2026-03-26
6282,541,3,4,2026-02-24
6283,970,6,5,2026-06-27
6284,914,38,10,2025-10-03
6285,556,12,6,2026-04-02
6286,757,4,9,2025-11-30
6287,29,4,5,2026-05-23
6288,395,13,6,2025-11-17
6289,988,35,1,2026-01-15
6290,844,44,7,2025-11-26
6291,757,33,9,2026-01-09
6292,870,12,9,2026-02-01
6293,380,44,1,2026-06-04
6294,933,14,2,2025-08-21
6295,469,12,4,2026-05-17
6296,730,21,2,2025-11-04
6297,732,14,8,2026-05-21
6298,212,37,10,2026-05-04
6299,16,3,7,2026-01-15
6300,211,45,2,2025-11-29
6301,947,19,1,2025-08-19
6302,927,16,6,2026-01-17
6303,182,25,4,2026-07-21
6304,381,26,1,2026-03-24
6305,160,10,10,2026-02-03
6306,253,40,5,2026-05-16
6307,904,28,10,2026-02-13
6308,728,41,5,2025-10-27
6309,210,42,5,2025-09-24
6310,420,45,1,2026-03-13
6311,426,27,7,2026-02-10
6312,285,13,8,2026-01-24
6313,260,39,1,2026-07-13
6314,642,45,7,2026-03-20
6315,43,45,8,2026-04-26
6316,132,43,4,2025-10-04
6317,73,41,2,2026-01-19
6318,119,11,8,2025-09-19
6319,69,12,9,2026-01-03
6320,336,11,5,2026-03-04
6321,979,44,7,2026-05-10
6322,292,35,5,2026-04-29
6323,292,37,5,2025-10-01
6324,112,49,2,2026-06-11
6325,405,13,2,2025-12-11
6326,569,32,4,2025-12-24
6327,131,34,1,2026-04-27
6328,481,31,2,2025-12-01
6329,115,15,1,2025-10-10
6330,854,25,3,2026-06-08
6331,86,49,2,2025-11-02
6332,248,28,10,2025-11-29
6333,380,29,3,2025-12-27
6334,453,39,1,2026-08-10
6335,679,33,4,2025-12-26
6336,787,14,6,2026-03-01
6337,45,37,1,2026-03-29
6338,972,10,6,2025-11-13
6339,881,17,3,2025-11-10
6340,359,30,4,2026-01-17
6341,924,42,1,2026-01-01
6342,401,25,3,2026-07-24
6343,970,19,9,2026-07-11
6344,66,15,3,2025-11-29
6345,643,13,6,2026-05-29
6346,674,47,8,2026-06-17
6347,26,29,2,2026-04-28
6348,864,16,10,2026-01-01
6349,542,19,9,2026-05-05
6350,165,10,9,2025-12-16
6351,988,21,1,2026-03-31
6352,115,44,2,2025-12-20
6353,420,34,9,2025-11-23
6354,18,40,3,2025-09-11
6355,742,21,6,2026-03-29
6356,40,10,2,2025-11-17
6357,701,15,1,2026-07-19
6358,391,1,10,2026-07-18
6359,60,25,10,2025-09-23
6360,123,15,1,2025-09-04
6361,578,35,2,2025-08-13
6362,21,42,8,2025-08-16
6363,960,37,7,2025-10-10
6364,290,44,10,2025-10-11
6365,397,29,4,2026-02-15
6366,700,32,10,2025-09-15
6367,257,23,8,2026-03-06
6368,491,10,8,2025-09-07
6369,550,24,4,2026-06-13
6370,148,19,3,2025-11-24
6371,987,25,5,2026-08-12
6372,904,11,6,2025-11-03
6373,758,2,7,2026-05-18
6374,825,20,3,2026-06-14
6375,44,30,7,2026-04-13
6376,728,35,4,2025-12-31
6377,412,9,6,2026-07-03
6378,214,26,7,2026-04-27
6379,905,27,8,2025-11-13
6380,752,29,8,2026-03-05
6381,976,25,8,2026-04-23
6382,373,22,6,2026-06-04
6383,682,26,3,2025-11-25
6384,741,34,4,2026-05-08
6385,252,14,4,2025-09-28
6386,583,13,10,2026-06-04
6387,373,30,9,2026-06-22
6388,884,49,7,2026-02-24
6389,384,42,5,2025-11-25
6390,219,26,3,2026-04-02
6391,482,7,9,2025-11-08
6392,668,29,5,2025-10-24
6393,927,50,10,2026-07-19
6394,423,4,4,2026-06-05
6395,223,22,9,2026-01-14
6396,912,11,7,2026-06-20
6397,960,34,7,2025-12-17
6398,185,29,1,2026-07-19
6399,711,14,7,2025-08-22
6400,582,43,3,2026-05-04
6401,280,48,10,2026-03-14
6402,788,10,7,2026-04-27
6403,589,13,3,2025-10-19
6404,422,21,8,2026-03-04
6405,252,48,3,2025-10-20
6406,781,32,6,2025-12-28
6407,626,49,10,2026-01-27
6408,544,48,1,2026-03-19
6409,693,7,2,2025-12-28
6410,88,2,1,2026-01-11
6411,943,4,6,2026-01-18
6412,874,6,6,2025-09-09
6413,954,23,4,2025-10-02
6414,762,10,4,2025-12-04
6415,315,5,6,2026-01-03
6416,639,21,10,2025-11-08
6417,927,29,8,2025-10-14
6418,347,46,3,2026-07-25
6419,297,20,2,2025-08-23
6420,822,36,3,2026-05-29
6421,923,10,3,2026-06-14
6422,426,8,9,2025-09-29
6423,933,40,7,2026-04-24
6424,163,36,9,2025-10-31
6425,644,31,5,2026-03-24
6426,707,16,2,2026-02-27
6427,680,10,8,2025-09-07
6428,100,49,1,2026-08-08
6429,139,25,8,2026-05-04
6430,389,31,3,2026-08-02
6431,786,2,10,2026-03-02
6432,705,24,8,2026-07-04
6433,599,37,3,2026-02-06
6434,459,2,8,2026-03-25
6435,970,43,10,2025-08-17
6436,353,22,2,2026-02-01
6437,908,24,2,2026-01-24
6438,182,9,10,2025-09-07
6439,308,44,7,2025-10-05
6440,939,10,2,2025-12-01
6441,958,43,4,2026-06-06
6442,985,41,6,2025-09-25
6443,300,46,2,2025-11-27
6444,364,39,8,2026-03-25
6445,17,40,10,2025-10-28
6446,428,11,6,2026-05-23
6447,872,17,4,2025-12-18
6448,526,18,9,2026-01-26
6449,926,2,8,2026-06-19
6450,327,11,1,2026-07-10
6451,665,16,5,2026-01-17
6452,270,29,7,2025-12-02
6453,346,3,5,2026-06-25
6454,768,49,8,2025-12-27
6455,676,6,6,2025-08-31
6456,565,3,3,2026-03-01
6457,893,40,1,2025-11-10
6458,753,37,1,2026-05-14
6459,310,25,4,2025-12-28
6460,927,31,7,2025-09-05
6461,398,3,5,2026-03-13
6462,714,25,6,2026-05-13
6463,376,33,7,2026-05-08
6464,417,46,6,2026-04-04
6465,136,23,5,2026-07-05
6466,566,13,8,2026-03-31
6467,289,18,2,2025-12-20
6468,936,29,2,2026-05-16
6469,825,43,6,2026-04-03
6470,883,33,2,2026-02-05
6471,24,9,2,2026-01-19
6472,249,5,3,2026-06-19
6473,383,5,3,2025-11-16
6474,586,16,2,2025-09-14
6475,885,5,1,2026-03-22
6476,741,1,6,2025-08-21
6477,892,40,2,2026-07-17
6478,160,38,8,2026-08-01
6479,647,22,2,2026-07-14
6480,628,8,1,2026-02-28
6481,722,9,4,2025-08-12
6482,941,48,2,2025-10-16
6483,191,6,2,2026-06-01
6484,4,28,4,2025-12-15
6485,216,4,2,2026-05-05
6486,397,21,9,2026-08-05
6487,198,31,4,2026-06-12
6488,726,32,10,2026-05-25
6489,724,12,8,2025-11-19
6490,295,47,10,2025-11-25
6491,886,4,8,2026-04-19
6492,190,33,1,2026-06-28
6493,82,12,4,2026-01-05
6494,270,10,9,2025-10-02
6495,590,13,2,2026-02-23
6496,720,49,2,2026-02-24
6497,193,12,6,2026-03-09
6498,775,15,3,2025-11-30
6499,405,41,10,2026-05-15
6500,304,39,7,2026-07-28
6501,519,41,5,2025-09-05
6502,224,28,5,2026-07-16
6503,845,23,4,2025-11-21
6504,544,1,5,2026-05-06
6505,289,49,3,2026-04-23
6506,67,4,2,2025-12-26
6507,506,23,1,2026-02-04
6508,635,49,7,2026-03-12
6509,82,44,8,2025-10-23
6510,13,48,2,2025-12-20
6511,327,38,6,2025-09-22
6512,715,44,10,2026-04-23
6513,695,5,10,2026-03-15
6514,269,47,6,2026-02-20
6515,462,23,8,2026-01-29
6516,380,32,5,2026-06-09
6517,782,32,6,2025-10-29
6518,560,48,4,2025-09-30
6519,234,38,3,2026-04-20
6520,44,45,6,2025-11-25
6521,420,30,8,2026-03-13
6522,333,26,8,2025-11-24
6523,890,30,8,2026-01-20
6524,157,10,7,2026-04-07
6525,430,2,3,2026-01-14
6526,808,21,7,2026-02-16
6527,892,41,3,2025-08-30
6528,410,24,1,2026-02-21
6529,445,43,3,2025-12-26
6530,155,38,3,2025-08-30
6531,223,7,1,2025-09-17
6532,401,31,3,2026-04-23
6533,278,22,4,2026-02-03
6534,23,32,7,2025-11-09
6535,163,20,9,2025-12-04
6536,285,15,4,2026-03-13
6537,499,39,8,2025-12-08
6538,444,28,3,2026-07-21
6539,500,43,1,2025-11-11
6540,362,7,2,2026-01-17
6541,976,21,8,2026-02-23
6542,623,19,3,2025-10-13
6543,241,34,8,2025-09-19
6544,823,14,7,2026-05-31
6545,503,1,5,2026-02-05
6546,647,11,6,2026-02-28
6547,646,20,10,2026-02-28
6548,440,40,2,2025-09-16
6549,614,9,9,2026-03-25
6550,289,22,6,2026-01-07
6551,827,45,3,2026-02-19
6552,379,37,8,2026-01-13
6553,65,2,8,2025-09-28
6554,379,27,4,2026-05-17
6555,215,21,4,2026-06-15
6556,932,21,8,2026-01-07
6557,806,18,9,2026-02-28
6558,349,37,6,2026-06-14
6559,716,13,3,2025-10-03
6560,989,21,10,2026-01-15
6561,995,15,10,2026-03-11
6562,625,16,4,2025-10-23
6563,501,37,8,2026-07-16
6564,912,2,6,2026-05-03
6565,524,7,7,2025-12-26
6566,769,10,10,2025-11-16
6567,330,6,9,2026-04-27
6568,503,30,10,2025-10-22
6569,923,47,5,2026-01-06
6570,69,29,7,2025-08-31
6571,797,13,5,2025-10-22
6572,729,10,6,2025-10-18
6573,869,50,1,2026-02-11
6574,486,16,4,2026-06-27
6575,649,1,6,2026-08-04
6576,365,40,8,2026-04-22
6577,576,10,5,2025-12-12
6578,980,21,8,2026-04-23
6579,322,39,9,2026-04-16
6580,205,42,4,2026-07-13
6581,981,39,10,2025-10-01
6582,124,19,1,2025-11-25
6583,754,13,9,2025-09-15
6584,819,33,5,2025-11-25
6585,255,25,7,2025-10-07
6586,718,1,5,2026-01-06
6587,268,14,3,2026-02-03
6588,304,2,1,2025-09-18
6589,668,42,7,2025-09-08
6590,81,24,8,2025-12-07
6591,795,10,8,2026-03-15
6592,641,25,9,2025-10-02
6593,161,39,8,2025-09-15
6594,777,21,2,2026-06-22
6595,960,18,8,2026-01-14
6596,283,13,10,2025-11-11
6597,465,19,3,2026-06-18
6598,601,9,6,2026-02-18
6599,980,2,2,2025-09-28
6600,54,21,9,2026-06-20
6601,489,24,3,2025-11-21
6602,323,47,7,2025-08-23
6603,564,2,7,2025-12-06
6604,662,21,7,2026-06-26
6605,183,21,10,2026-03-14
6606,857,49,1,2025-10-18
6607,660,19,6,2025-10-15
6608,580,49,10,2025-12-26
6609,41,33,1,2025-10-02
6610,741,46,3,2025-08-22
6611,509,5,2,2026-07-29
6612,144,10,2,2026-05-09
6613,536,11,4,2026-05-16
6614,95,49,6,2026-06-19
6615,996,23,6,2025-09-22
6616,84,27,6,2025-10-27
6617,769,5,8,2026-02-23
6618,411,35,1,2025-10-27
6619,538,27,7,2026-03-10
6620,712,10,9,2025-10-21
6621,843,6,4,2026-04-03
6622,460,11,2,2025-12-23
6623,782,17,4,2026-02-17
6624,246,4,9,2026-07-27
6625,25,4,4,2025-09-23
6626,491,3,1,2025-10-29
6627,225,49,4,2025-11-09
6628,973,10,3,2026-03-18
6629,513,21,6,2025-12-12
6630,397,49,7,2026-06-22
6631,20,33,5,2026-04-17
6632,505,2,7,2025-12-11
6633,564,5,1,2025-10-30
6634,205,38,1,2025-10-18
6635,214,15,10,2026-01-05
6636,504,1,6,2026-05-21
6637,719,6,10,2025-11-29
6638,903,24,9,2026-01-21
6639,921,11,7,2026-05-29
6640,218,10,9,2025-10-14
6641,8,41,10,2026-03-13
6642,289,18,9,2026-01-16
6643,384,33,7,2025-10-21
6644,164,13,10,2025-10-14
6645,263,22,4,2025-08-31
6646,335,17,7,2026-06-04
6647,123,42,5,2026-07-25
6648,463,2,8,2025-11-10
6649,618,42,9,2026-05-13
6650,789,26,4,2026-04-02
6651,190,8,1,2026-02-01
6652,397,7,4,2026-07-09
6653,205,49,10,2026-06-08
6654,754,48,5,2025-11-21
6655,853,45,4,2026-03-09
6656,908,38,5,2026-04-02
6657,370,30,1,2025-12-21
6658,664,41,4,2026-03-27
6659,581,17,4,2026-06-11
6660,524,2,5,2025-12-20
6661,13,14,3,2026-06-13
6662,882,22,4,2025-09-14
6663,512,47,7,2026-04-20
6664,738,21,8,2026-08-12
6665,401,39,3,2026-08-06
6666,943,32,8,2026-01-06
6667,575,39,5,2026-06-05
6668,815,43,4,2026-03-05
6669,80,40,2,2025-09-05
6670,906,1,1,2026-02-06
6671,635,4,1,2026-07-06
6672,970,18,1,2026-07-29
6673,311,29,7,2025-12-25
6674,747,37,3,2025-11-10
6675,100,4,6,2026-04-03
6676,221,42,4,2025-09-03
6677,995,28,6,2026-07-13
6678,78,18,7,2026-01-11
6679,670,2,5,2025-09-19
6680,789,3,2,2026-02-01
6681,310,10,5,2026-08-10
6682,468,14,2,2025-10-31
6683,942,41,1,2026-01-06
6684,902,31,3,2026-03-12
6685,15,8,2,2025-12-25
6686,743,16,8,2025-11-25
6687,891,38,9,2026-01-20
6688,280,18,1,2026-08-10
6689,720,37,8,2025-11-19
6690,65,47,3,2026-05-18
6691,221,5,7,2026-01-17
6692,695,25,1,2025-12-06
6693,39,32,7,2025-11-05
6694,851,30,7,2025-10-27
6695,180,1,10,2026-03-12
6696,919,3,2,2026-04-21
6697,983,50,5,2026-07-16
6698,727,19,8,2025-09-27
6699,208,18,1,2026-03-31
6700,688,18,4,2026-05-19
6701,241,45,8,2026-03-01
6702,830,1,1,2025-12-14
6703,895,37,7,2025-11-11
6704,573,45,8,2025-11-26
6705,811,15,1,2026-06-29
6706,294,24,2,2026-04-27
6707,613,24,8,2026-08-09
6708,841,31,9,2026-02-08
6709,168,24,6,2026-03-16
6710,744,36,9,2025-11-28
6711,150,21,6,2025-12-13
6712,417,12,10,2025-09-10
6713,412,24,8,2026-04-03
6714,356,50,5,2026-06-24
6715,152,44,8,2026-04-24
6716,692,35,7,2026-01-12
6717,369,28,2,2025-10-22
6718,617,17,3,2026-03-28
6719,341,23,8,2026-07-18
6720,462,49,9,2025-12-08
6721,883,44,3,2025-10-28
6722,912,3,6,2026-04-10
6723,519,41,3,2026-01-09
6724,614,22,9,2025-12-10
6725,648,48,3,2026-05-13
6726,872,37,3,2025-11-10
6727,836,14,7,2026-03-11
6728,84,27,2,2026-01-10
6729,514,35,1,2025-09-18
6730,533,7,10,2026-05-06
6731,5,17,9,2025-10-04
6732,681,11,4,2026-03-06
6733,701,46,6,2026-03-16
6734,501,8,6,2025-11-06
6735,750,24,9,2026-03-22
6736,960,26,9,2026-07-03
6737,673,26,4,2026-02-27
6738,591,23,7,2026-04-09
6739,705,49,2,2026-01-10
6740,232,41,8,2025-12-19
6741,160,45,4,2025-11-02
6742,734,1,9,2026-07-24
6743,820,7,8,2025-09-11
6744,148,5,5,2026-01-03
6745,248,49,7,2026-05-25
6746,311,14,9,2026-04-09
6747,654,7,4,2026-04-23
6748,25,2,1,2025-09-13
6749,303,8,4,2025-11-09
6750,191,50,2,2026-02-09
6751,69,17,8,2025-10-27
6752,974,8,7,2025-09-28
6753,968,23,7,2025-09-02
6754,11,45,10,2026-04-21
6755,308,22,7,2026-05-22
6756,384,14,5,2026-05-22
6757,439,40,10,2026-07-23
6758,942,31,10,2025-11-20
6759,608,3,8,2026-03-24
6760,33,32,6,2026-06-06
6761,360,2,5,2026-07-28
6762,718,31,7,2026-07-08
6763,771,35,2,2025-08-18
6764,433,45,10,2026-07-06
6765,636,23,8,2025-12-31
6766,28,25,1,2025-11-20
6767,986,32,2,2025-10-27
6768,487,17,9,2025-09-29
6769,95,6,4,2025-09-25
6770,742,46,2,2025-11-24
6771,466,25,6,2026-05-25
6772,248,39,8,2026-03-16
6773,36,21,5,2025-11-29
6774,566,50,8,2026-05-22
6775,222,40,7,2026-01-04
6776,98,1,3,2025-12-08
6777,608,44,1,2025-11-21
6778,958,33,8,2025-10-03
6779,71,33,3,2026-03-11
6780,475,18,10,2026-06-12
6781,398,35,1,2025-10-11
6782,260,38,2,2026-06-16
6783,715,34,8,2025-11-28
6784,179,29,5,2026-05-13
6785,875,11,1,2025-10-26
6786,298,39,6,2026-06-06
6787,437,8,3,2026-03-18
6788,992,5,4,2026-01-27
6789,494,32,4,2026-05-12
6790,6,25,3,2026-03-14
6791,792,25,1,2026-06-03
6792,310,12,4,2026-03-30
6793,349,44,10,2025-11-30
6794,866,32,4,2025-10-29
6795,731,29,2,2026-06-08
6796,104,11,3,2025-11-15
6797,136,48,10,2026-06-17
6798,577,2,8,2025-09-10
6799,509,24,7,2026-04-13
6800,22,46,9,2025-10-17
6801,920,45,6,2026-01-10
6802,651,35,2,2026-07-11
6803,429,31,1,2026-05-02
6804,286,28,9,2026-03-07
6805,719,28,2,2025-09-13
6806,67,6,5,2026-01-09
6807,899,43,6,2026-08-09
6808,487,26,9,2025-08-21
6809,942,16,3,2026-04-18
6810,124,2,3,2026-03-01
6811,89,37,3,2025-10-30
6812,681,13,8,2025-10-31
6813,676,35,6,2025-09-21
6814,571,17,8,2025-09-19
6815,69,43,3,2026-01-01
6816,597,27,2,2025-10-13
6817,574,3,4,2026-05-26
6818,208,10,5,2026-03-09
6819,137,48,7,2025-09-22
6820,12,24,1,2026-05-23
6821,523,1,2,2025-11-10
6822,538,43,5,2026-03-20
6823,600,34,1,2026-05-06
6824,311,9,6,2025-08-24
6825,943,16,8,2026-05-15
6826,821,14,4,2025-10-22
6827,680,31,8,2025-11-04
6828,491,14,2,2026-08-02
6829,177,25,9,2025-10-29
6830,649,41,9,2026-07-13
6831,880,5,3,2026-01-12
6832,684,9,9,2026-02-04
6833,149,49,2,2026-05-31
6834,490,33,2,2026-07-28
6835,580,11,4,2025-11-20
6836,642,49,7,2026-05-29
6837,860,41,6,2025-11-23
6838,961,15,5,2026-06-10
6839,417,4,7,2026-02-27
6840,44,21,7,2026-04-22
6841,29,13,6,2025-09-13
6842,401,29,10,2025-09-03
6843,857,15,3,2025-09-07
6844,491,40,9,2026-01-17
6845,911,27,3,2026-03-19
6846,248,39,9,2025-08-25
6847,295,32,2,2026-08-10
6848,444,39,1,2026-07-10
6849,428,5,9,2025-09-14
6850,87,46,3,2026-01-05
6851,792,42,1,2026-08-03
6852,379,18,7,2026-03-11
6853,288,30,6,2026-04-28
6854,311,35,10,2026-04-11
6855,335,20,8,2025-09-11
6856,524,32,7,2025-08-21
6857,776,45,10,2026-06-18
6858,712,36,10,2026-04-09
6859,614,43,10,2026-07-15
6860,141,31,6,2026-07-05
6861,94,45,8,2025-08-26
6862,999,22,9,2026-02-21
6863,530,40,2,2026-06-12
6864,258,41,5,2026-01-11
6865,957,18,5,2026-01-11
6866,609,33,4,2025-09-24
6867,321,21,4,2026-07-13
6868,580,13,6,2026-08-12
6869,996,20,4,2026-05-12
6870,846,22,9,2025-09-07
6871,693,27,5,2026-03-27
6872,271,39,7,2025-08-26
6873,686,43,4,2025-11-26
6874,787,40,3,2025-09-25
6875,822,50,5,2026-06-17
6876,195,44,6,2025-10-24
6877,730,35,9,2026-02-11
6878,329,14,8,2026-05-10
6879,596,34,3,2025-12-10
6880,121,47,5,2026-03-02
6881,654,16,4,2026-07-03
6882,613,41,6,2026-08-11
6883,188,42,8,2025-10-27
6884,384,16,7,2025-10-23
6885,496,46,5,2026-01-14
6886,955,37,8,2026-04-23
6887,551,22,3,2026-03-06
6888,261,39,2,2026-04-14
6889,259,8,7,2026-02-05
6890,833,36,7,2026-07-21
6891,4,5,4,2026-03-16
6892,832,17,8,2025-10-26
6893,466,36,10,2026-02-26
6894,841,18,9,2025-09-02
6895,582,27,4,2025-12-08
6896,273,4,7,2026-02-03
6897,644,32,10,2026-06-21
6898,111,31,7,2026-07-01
6899,397,21,2,2026-05-28
6900,144,12,2,2025-09-23
6901,371,49,1,2026-06-28
6902,43,5,5,2026-05-25
6903,111,36,9,2025-09-16
6904,275,9,2,2026-04-18
6905,948,48,7,2026-07-16
6906,210,3,10,2026-06-06
6907,62,1,2,2026-08-11
6908,346,40,5,2025-12-01
6909,292,28,4,2026-01-28
6910,237,15,10,2026-06-25
6911,619,37,5,2025-10-10
6912,951,36,6,2026-07-19
6913,861,16,3,2026-03-03
6914,24,36,10,2026-04-08
6915,325,49,4,2025-11-25
6916,176,25,4,2025-09-24
6917,555,40,1,2026-06-15
6918,978,11,2,2026-01-27
6919,585,48,10,2026-03-31
6920,998,18,8,2025-12-06
6921,128,7,4,2026-07-10
6922,866,27,4,2026-07-19
6923,248,30,10,2025-09-08
6924,170,12,4,2026-07-18
6925,287,7,1,2025-10-29
6926,245,43,5,2026-01-18
6927,446,38,10,2026-06-18
6928,870,25,8,2025-12-24
6929,219,15,2,2025-12-29
6930,868,6,7,2026-06-22
6931,730,29,8,2025-10-19
6932,154,48,7,2025-09-07
6933,872,40,7,2026-03-02
6934,24,35,5,2026-07-30
6935,211,44,8,2025-08-25
6936,448,34,6,2026-04-02
6937,330,2,8,2025-11-30
6938,520,40,7,2026-08-02
6939,859,29,10,2026-04-09
6940,211,24,3,2025-12-28
6941,721,5,10,2026-05-25
6942,858,45,7,2026-08-12
6943,173,26,4,2025-10-12
6944,224,21,6,2026-04-03
6945,415,18,4,2025-09-24
6946,733,19,4,2025-11-23
6947,389,39,8,2025-08-29
6948,984,2,10,2026-04-28
6949,250,42,2,2025-09-11
6950,464,46,1,2025-12-12
6951,399,37,6,2025-12-11
6952,369,25,1,2026-01-09
6953,503,28,8,2026-04-11
6954,932,28,2,2026-07-31
6955,448,17,6,2025-10-18
6956,235,18,6,2025-09-05
6957,934,17,8,2026-02-28
6958,162,11,4,2026-06-05
6959,875,38,9,2025-12-13
6960,614,34,4,2026-08-12
6961,867,3,7,2025-10-15
6962,374,4,4,2026-04-09
6963,93,46,3,2026-05-09
6964,95,40,9,2026-07-04
6965,52,17,2,2025-08-12
6966,538,17,8,2026-03-31
6967,153,19,3,2025-11-23
6968,880,28,5,2026-05-02
6969,892,12,4,2025-09-04
6970,420,20,3,2026-04-27
6971,534,5,4,2026-03-13
6972,893,6,10,2026-03-18
6973,54,37,3,2026-03-24
6974,296,36,8,2026-02-18
6975,965,28,3,2026-07-12
6976,242,2,4,2025-12-21
6977,618,46,2,2026-01-01
6978,69,50,2,2025-11-23
6979,276,12,9,2026-03-08
6980,128,50,8,2026-07-25
6981,567,49,6,2025-10-31
6982,741,12,3,2025-09-02
6983,547,12,4,2025-12-25
6984,806,1,6,2026-03-16
6985,876,11,5,2026-03-30
6986,526,2,9,2026-05-06
6987,517,4,7,2026-01-17
6988,139,11,1,2025-12-17
6989,481,10,3,2026-04-11
6990,248,39,6,2026-01-06
6991,588,18,8,2025-12-23
6992,252,30,3,2026-05-23
6993,728,8,4,2025-11-28
6994,166,41,10,2025-10-04
6995,773,3,2,2026-08-09
6996,387,9,1,2026-01-23
6997,295,30,9,2026-05-04
6998,819,32,7,2026-01-25
6999,564,35,7,2026-01-01
7000,911,34,8,2025-09-29
7001,986,42,9,2026-04-08
7002,363,39,10,2026-01-07
7003,736,48,7,2025-08-21
7004,770,17,9,2025-12-30
7005,960,27,3,2025-08-14
7006,516,32,3,2025-08-20
7007,825,3,4,2025-08-27
7008,76,39,6,2025-11-27
7009,863,20,2,2026-08-12
7010,619,27,7,2026-07-15
7011,385,20,6,2025-09-21
7012,25,21,8,2025-11-01
7013,204,49,1,2026-08-08
7014,221,28,3,2025-12-28
7015,461,38,3,2026-04-06
7016,665,20,7,2026-07-29
7017,251,10,1,2026-06-23
7018,923,15,8,2025-11-15
7019,259,32,7,2026-05-27
7020,478,46,8,2026-02-15
7021,381,14,8,2026-05-23
7022,134,27,1,2025-09-18
7023,252,10,2,2025-08-13
7024,303,24,1,2026-08-01
7025,359,30,7,2026-08-05
7026,909,42,7,2026-01-09
7027,80,39,5,2026-02-26
7028,364,33,9,2025-09-02
7029,489,3,8,2025-11-19
7030,70,23,6,2026-08-02
7031,199,20,9,2026-05-17
7032,170,1,2,2026-02-05
7033,150,48,9,2026-02-24
7034,277,4,1,2025-08-14
7035,522,14,9,2026-01-08
7036,381,2,8,2025-10-21
7037,414,22,10,2026-05-02
7038,472,23,10,2025-09-25
7039,335,19,6,2026-06-26
7040,53,34,10,2026-04-10
7041,127,29,8,2025-10-02
7042,444,49,9,2025-10-03
7043,38,43,9,2025-10-05
7044,747,48,10,2025-10-15
7045,519,5,3,2025-10-07
7046,956,25,6,2025-08-16
7047,677,46,8,2025-11-21
7048,750,47,5,2025-12-09
7049,148,10,4,2025-10-07
7050,96,40,7,2025-10-21
7051,283,26,4,2026-08-12
7052,43,3,5,2026-03-16
7053,13,9,4,2025-11-28
7054,429,37,4,2025-08-12
7055,428,10,7,2025-09-14
7056,561,37,5,2026-05-04
7057,939,14,1,2026-03-02
7058,68,11,1,2026-01-24
7059,272,47,8,2026-06-01
7060,806,5,4,2025-11-03
7061,480,11,8,2026-07-03
7062,117,6,8,2025-09-18
7063,832,22,10,2025-09-23
7064,746,24,8,2025-11-10
7065,979,17,10,2026-04-13
7066,572,36,6,2026-06-10
7067,647,43,6,2026-07-24
7068,540,10,10,2025-12-05
7069,533,44,5,2025-12-06
7070,826,39,4,2026-05-24
7071,232,2,7,2026-01-21
7072,495,18,6,2025-10-04
7073,963,33,5,2026-05-19
7074,511,47,7,2026-02-22
7075,53,38,5,2025-09-29
7076,821,17,2,2026-06-10
7077,844,10,9,2026-05-28
7078,229,15,4,2026-01-18
7079,476,10,2,2025-09-24
7080,715,35,9,2026-04-25
7081,372,27,7,2026-04-12
7082,430,37,6,2026-07-28
7083,307,6,4,2026-03-03
7084,167,40,8,2025-08-26
7085,972,43,2,2026-05-16
7086,794,21,1,2026-02-19
7087,447,26,7,2025-08-22
7088,158,27,8,2026-07-17
7089,32,22,6,2025-08-18
7090,122,20,4,2025-09-07
7091,499,32,7,2026-07-05
7092,603,14,7,2025-09-18
7093,441,16,5,2025-11-25
7094,250,40,3,2026-06-25
7095,345,11,10,2026-07-23
7096,335,38,7,2025-11-08
7097,874,6,2,2025-09-09
7098,85,6,1,2025-12-11
7099,154,35,7,2026-05-16
7100,505,6,3,2026-05-26
7101,53,1,8,2026-02-14
7102,182,3,3,2026-07-09
7103,299,24,6,2026-07-18
7104,683,37,2,2025-11-16
7105,42,11,5,2026-01-30
7106,339,7,1,2026-01-09
7107,597,6,1,2026-01-25
7108,630,1,4,2026-05-07
7109,809,11,7,2026-03-30
7110,844,32,2,2026-03-01
7111,274,38,5,2025-10-15
7112,631,34,2,2026-04-03
7113,852,40,5,2026-04-15
7114,142,5,8,2026-07-17
7115,621,17,3,2025-11-01
7116,659,50,9,2025-12-31
7117,99,32,10,2026-05-15
7118,230,45,5,2026-02-10
7119,33,26,6,2026-07-12
7120,681,11,8,2026-04-04
7121,830,29,6,2026-08-01
7122,975,33,5,2026-04-15
7123,301,42,7,2025-11-03
7124,429,16,5,2026-03-04
7125,683,21,4,2026-05-21
7126,247,30,3,2026-04-13
7127,721,10,1,2025-09-16
7128,82,4,10,2026-06-09
7129,897,8,3,2026-03-27
7130,111,29,3,2026-07-09
7131,153,47,2,2026-01-21
7132,290,50,6,2026-07-18
7133,705,21,10,2026-07-08
7134,245,46,8,2026-06-08
7135,446,27,2,2026-01-06
7136,953,42,9,2026-03-10
7137,747,38,5,2025-12-06
7138,960,46,4,2025-12-11
7139,918,31,1,2025-12-08
7140,373,11,7,2025-12-16
7141,197,23,2,2026-02-08
7142,51,3,5,2025-12-26
7143,399,12,8,2026-03-09
7144,475,43,7,2026-04-24
7145,803,46,6,2025-08-19
7146,461,9,6,2026-05-16
7147,764,46,7,2025-10-19
7148,675,21,10,2026-07-05
7149,889,45,3,2025-08-12
7150,8,11,5,2026-01-12
7151,426,6,8,2026-07-31
7152,897,22,3,2026-03-07
7153,44,9,4,2025-08-29
7154,526,39,8,2025-11-29
7155,981,18,4,2026-07-05
7156,739,12,7,2026-02-18
7157,40,50,1,2026-06-01
7158,647,24,6,2026-01-16
7159,820,40,6,2025-12-28
7160,346,1,2,2026-05-05
7161,495,50,9,2026-01-01
7162,207,14,3,2026-01-12
7163,341,44,9,2025-11-08
7164,281,34,7,2026-01-24
7165,911,34,10,2025-11-20
7166,628,40,4,2026-01-21
7167,446,50,1,2025-08-27
7168,466,47,10,2026-01-05
7169,561,19,9,2025-10-03
7170,774,30,1,2026-01-10
7171,292,22,1,2026-07-17
7172,418,38,2,2026-01-12
7173,486,27,8,2026-03-05
7174,937,39,10,2025-11-29
7175,237,21,10,2026-07-07
7176,229,29,5,2025-09-02
7177,308,42,1,2025-12-20
7178,837,15,10,2026-04-01
7179,261,26,5,2026-02-15
7180,5,34,4,2025-10-22
7181,42,15,8,2026-05-03
7182,245,26,1,2026-03-25
7183,441,4,2,2025-10-09
7184,822,18,9,2026-03-24
7185,834,35,7,2026-01-04
7186,17,33,5,2025-11-18
7187,788,39,1,2026-01-27
7188,509,38,4,2026-06-14
7189,547,43,9,2026-06-22
7190,295,50,2,2025-10-17
7191,876,16,7,2026-06-01
7192,575,47,6,2026-06-05
7193,182,35,4,2026-02-22
7194,15,44,7,2026-04-16
7195,82,22,4,2025-11-07
7196,970,31,1,2025-10-02
7197,102,9,5,2025-11-11
7198,174,43,5,2025-10-28
7199,688,17,7,2026-02-15
7200,166,28,4,2026-05-19
7201,747,11,6,2025-11-20
7202,100,49,5,2026-01-25
7203,317,35,9,2025-09-27
7204,655,5,2,2025-09-21
7205,160,8,1,2025-12-11
7206,977,16,2,2025-11-10
7207,798,50,5,2026-06-27
7208,989,12,2,2026-03-19
7209,784,29,6,2025-12-09
7210,125,33,9,2025-12-13
7211,477,33,2,2026-01-26
7212,493,43,10,2026-06-17
7213,285,6,6,2026-03-14
7214,808,6,6,2025-08-22
7215,181,25,4,2025-10-14
7216,559,17,1,2026-02-10
7217,933,40,2,2026-06-04
7218,65,11,3,2025-08-17
7219,351,11,9,2025-11-21
7220,835,45,9,2025-12-25
7221,199,31,6,2025-09-03
7222,31,22,7,2026-08-11
7223,812,49,7,2025-10-28
7224,107,33,7,2026-04-09
7225,218,11,4,2026-03-27
7226,636,41,8,2025-12-13
7227,793,38,2,2026-03-19
7228,1000,48,4,2025-12-21
7229,855,43,8,2026-07-18
7230,571,50,8,2026-06-18
7231,397,21,6,2025-12-07
7232,204,3,1,2026-02-24
7233,464,13,1,2026-06-04
7234,585,23,1,2026-02-20
7235,681,24,6,2025-11-02
7236,426,48,1,2025-11-22
7237,993,21,8,2026-07-11
7238,88,9,2,2025-10-02
7239,609,34,9,2026-01-18
7240,785,8,10,2025-10-18
7241,140,31,8,2026-06-30
7242,567,36,6,2026-03-25
7243,123,40,1,2025-09-14
7244,806,41,6,2025-10-08
7245,252,20,9,2026-02-05
7246,842,28,5,2026-07-26
7247,40,7,1,2026-03-19
7248,962,20,3,2026-06-11
7249,713,17,7,2025-08-21
7250,157,18,6,2025-09-12
7251,871,27,2,2026-01-28
7252,999,34,6,2026-07-17
7253,77,32,5,2025-10-15
7254,757,20,7,2025-09-24
7255,24,2,5,2026-04-19
7256,336,12,2,2026-03-16
7257,891,9,9,2026-07-07
7258,618,39,2,2025-12-29
7259,372,8,2,2025-10-27
7260,999,17,6,2026-06-22
7261,326,8,3,2026-06-13
7262,591,14,10,2026-01-04
7263,820,6,4,2026-08-07
7264,51,18,5,2026-06-07
7265,862,49,9,2026-05-14
7266,773,35,2,2026-08-02
7267,832,46,9,2025-09-25
7268,958,37,9,2025-11-04
7269,305,36,5,2025-10-08
7270,103,26,1,2025-08-28
7271,320,27,2,2026-02-22
7272,674,22,5,2026-07-21
7273,759,4,3,2025-12-21
7274,71,7,10,2025-10-18
7275,5,7,8,2025-08-28
7276,44,31,6,2025-09-15
7277,416,35,2,2026-03-14
7278,271,11,10,2025-09-19
7279,963,36,4,2025-11-07
7280,84,22,3,2025-11-09
7281,190,42,10,2025-12-26
7282,718,7,1,2025-11-02
7283,482,14,3,2026-03-21
7284,174,48,9,2025-09-12
7285,245,27,1,2025-09-03
7286,698,34,5,2025-09-02
7287,591,47,4,2025-08-19
7288,505,36,4,2026-04-28
7289,61,28,4,2026-04-06
7290,628,43,7,2026-01-16
7291,198,34,5,2025-12-27
7292,353,9,7,2025-10-18
7293,998,38,7,2025-12-14
7294,933,38,5,2026-04-30
7295,276,16,10,2026-04-16
7296,877,8,7,2026-04-25
7297,262,42,10,2025-09-04
7298,510,1,2,2026-05-09
7299,416,38,4,2025-12-19
7300,765,17,3,2026-03-19
7301,591,12,10,2025-08-12
7302,123,43,4,2026-01-23
7303,136,46,1,2026-08-12
7304,237,16,1,2026-06-05
7305,749,5,7,2025-10-03
7306,137,14,5,2025-08-12
7307,983,8,10,2026-05-29
7308,3,42,4,2025-12-15
7309,735,8,1,2026-06-02
7310,424,7,6,2025-10-30
7311,212,29,3,2026-05-10
7312,151,47,2,2025-09-11
7313,890,24,6,2025-12-30
7314,421,25,9,2026-03-29
7315,697,18,8,2026-01-29
7316,680,13,3,2026-05-25
7317,212,25,6,2026-05-20
7318,193,43,4,2025-11-24
7319,502,32,5,2025-12-27
7320,448,4,5,2026-01-20
7321,4,28,8,2025-11-25
7322,163,4,1,2025-11-09
7323,767,30,9,2025-08-16
7324,297,14,7,2026-05-09
7325,114,19,3,2026-03-25
7326,291,18,3,2026-07-23
7327,437,50,1,2025-12-19
7328,485,49,9,2026-04-17
7329,67,38,8,2026-04-24
7330,357,20,4,2025-09-19
7331,461,13,5,2025-09-10
7332,860,31,7,2026-01-24
7333,277,11,8,2026-02-10
7334,226,29,3,2026-08-01
7335,18,50,4,2026-04-29
7336,661,32,7,2025-12-14
7337,225,36,9,2025-12-16
7338,658,10,2,2026-04-10
7339,275,47,6,2026-04-06
7340,535,17,2,2026-05-17
7341,279,43,9,2025-09-05
7342,819,20,7,2025-08-21
7343,21,5,10,2026-03-10
7344,981,7,4,2026-03-02
7345,921,19,5,2026-06-08
7346,830,16,9,2026-04-06
7347,877,40,10,2026-02-02
7348,819,34,3,2025-09-01
7349,643,32,9,2026-04-11
7350,4,10,1,2026-05-30
7351,336,50,9,2026-03-28
7352,430,37,6,2025-10-08
7353,2,31,4,2025-11-10
7354,192,7,5,2026-04-16
7355,739,49,7,2026-01-02
7356,258,45,5,2026-03-29
7357,601,13,7,2026-04-17
7358,686,39,10,2026-01-20
7359,578,23,2,2025-12-31
7360,390,31,10,2026-06-10
7361,201,16,6,2026-03-31
7362,47,22,6,2025-10-25
7363,483,49,4,2025-11-10
7364,546,22,8,2025-10-06
7365,234,28,9,2026-04-19
7366,17,45,2,2025-09-26
7367,106,37,3,2025-12-20
7368,237,27,1,2025-10-07
7369,210,30,7,2026-06-26
7370,548,48,2,2025-12-28
7371,106,44,9,2026-04-01
7372,452,46,3,2026-05-02
7373,227,48,4,2026-04-05
7374,224,24,2,2025-12-24
7375,38,17,1,2025-10-31
7376,941,38,7,2026-02-10
7377,124,18,10,2025-09-11
7378,912,29,4,2026-06-17
7379,96,22,4,2026-03-21
7380,627,8,2,2025-10-21
7381,825,17,10,2025-08-26
7382,550,48,4,2026-07-21
7383,46,31,5,2025-11-09
7384,555,11,1,2026-06-11
7385,949,32,4,2026-05-21
7386,815,27,6,2025-11-09
7387,103,6,9,2026-05-14
7388,597,15,10,2026-03-06
7389,285,1,7,2026-04-24
7390,714,23,6,2026-06-27
7391,772,29,9,2026-04-26
7392,713,11,1,2025-09-07
7393,757,7,10,2025-10-03
7394,22,43,5,2026-01-19
7395,198,12,3,2026-03-19
7396,240,48,1,2026-03-29
7397,751,12,4,2026-06-19
7398,848,14,4,2025-12-29
7399,136,19,8,2025-10-27
7400,63,43,8,2026-08-02
7401,232,40,3,2026-05-15
7402,33,8,4,2026-02-23
7403,376,41,5,2025-11-14
7404,855,44,7,2026-02-07
7405,158,45,2,2026-03-02
7406,854,11,8,2026-06-01
7407,388,1,3,2026-02-09
7408,384,3,9,2025-12-15
7409,180,44,7,2025-09-07
7410,112,6,3,2026-08-07
7411,217,5,3,2026-07-05
7412,426,7,7,2026-07-14
7413,235,45,3,2025-10-02
7414,273,46,9,2025-09-15
7415,731,36,9,2026-05-24
7416,973,38,10,2026-04-13
7417,338,29,3,2025-08-23
7418,849,39,9,2025-12-31
7419,677,37,4,2025-12-19
7420,977,29,7,2026-04-25
7421,177,40,8,2026-01-02
7422,286,21,5,2025-10-18
7423,621,14,1,2026-01-21
7424,201,26,5,2026-05-29
7425,385,50,9,2025-10-31
7426,477,6,10,2026-07-02
7427,119,45,3,2025-09-04
7428,923,4,4,2025-10-03
7429,755,45,9,2025-10-18
7430,973,8,9,2025-11-22
7431,491,26,10,2026-07-23
7432,730,48,3,2025-10-31
7433,55,34,3,2026-06-03
7434,552,15,3,2025-11-11
7435,247,4,9,2026-07-25
7436,879,39,9,2025-12-23
7437,906,5,4,2026-01-02
7438,552,36,2,2026-07-18
7439,348,34,9,2025-12-31
7440,96,17,5,2026-01-30
7441,341,36,3,2026-01-09
7442,848,12,1,2026-02-21
7443,438,32,4,2026-02-15
7444,144,15,2,2026-03-15
7445,531,10,10,2025-10-09
7446,453,5,7,2025-11-21
7447,739,41,9,2026-06-01
7448,83,48,6,2025-11-25
7449,472,11,5,2025-12-24
7450,868,22,1,2025-09-25
7451,34,49,1,2025-12-02
7452,799,2,1,2026-03-28
7453,884,47,1,2025-12-05
7454,86,21,3,2026-07-28
7455,776,48,10,2026-03-11
7456,84,6,4,2026-08-02
7457,493,7,8,2026-01-12
7458,803,35,6,2025-12-30
7459,59,41,10,2026-07-17
7460,27,47,3,2026-06-22
7461,362,21,7,2025-10-03
7462,689,8,9,2026-04-15
7463,662,19,5,2026-06-25
7464,268,11,2,2026-05-19
7465,559,10,10,2026-05-13
7466,685,37,9,2026-06-28
7467,489,19,8,2026-04-29
7468,535,50,2,2025-10-16
7469,155,12,5,2026-07-23
7470,514,40,1,2026-05-09
7471,322,25,8,2026-04-25
7472,42,33,7,2026-03-24
7473,479,2,1,2026-03-13
7474,614,4,1,2025-10-29
7475,678,17,4,2026-04-19
7476,387,23,6,2025-11-18
7477,91,24,9,2025-10-01
7478,282,34,3,2025-09-28
7479,415,25,10,2025-09-21
7480,126,16,7,2026-01-18
7481,153,18,9,2026-05-25
7482,234,21,6,2025-12-25
7483,678,4,6,2025-08-13
7484,318,11,10,2025-10-04
7485,385,47,1,2025-10-22
7486,566,46,1,2026-07-04
7487,641,31,1,2026-01-27
7488,417,14,4,2026-08-07
7489,421,39,10,2026-04-21
7490,572,30,10,2026-06-20
7491,364,2,10,2026-04-13
7492,798,41,9,2026-04-24
7493,190,9,2,2025-11-24
7494,63,18,1,2025-12-16
7495,951,8,7,2026-02-08
7496,259,34,2,2026-03-07
7497,912,36,9,2026-06-22
7498,757,1,5,2025-10-01
7499,641,47,5,2025-09-23
7500,986,42,3,2026-02-18
7501,561,31,8,2026-04-24
7502,902,16,9,2025-08-31
7503,199,25,4,2025-08-20
7504,542,42,2,2025-11-04
7505,410,18,4,2026-03-23
7506,159,44,2,2025-09-30
7507,145,45,7,2025-11-27
7508,634,44,5,2026-03-03
7509,744,11,9,2026-06-15
7510,586,42,5,2026-07-23
7511,418,20,3,2026-07-24
7512,22,16,7,2026-05-22
7513,775,46,3,2025-10-21
7514,378,47,9,2026-04-05
7515,442,14,2,2026-06-30
7516,318,50,5,2026-04-22
7517,85,30,1,2026-07-17
7518,842,25,5,2026-04-24
7519,969,41,7,2025-11-18
7520,161,23,6,2025-09-04
7521,776,19,1,2026-07-15
7522,192,26,4,2026-02-06
7523,739,44,6,2026-05-19
7524,349,35,3,2026-01-21
7525,301,13,1,2026-01-03
7526,685,6,8,2026-01-07
7527,387,20,7,2025-10-31
7528,812,18,5,2025-10-02
7529,526,37,9,2026-06-23
7530,518,2,4,2026-08-05
7531,749,7,6,2026-02-18
7532,248,36,9,2025-10-24
7533,532,12,5,2025-09-22
7534,340,47,3,2026-08-08
7535,477,40,1,2026-07-01
7536,690,45,6,2026-06-10
7537,39,19,1,2025-08-21
7538,874,19,4,2026-07-25
7539,210,14,4,2025-08-29
7540,994,49,6,2026-07-03
7541,199,34,5,2026-04-16
7542,602,21,2,2025-11-26
7543,405,47,4,2026-07-14
7544,827,10,2,2025-09-27
7545,93,7,10,2026-06-07
7546,466,34,8,2026-05-22
7547,739,8,9,2026-06-26
7548,50,39,4,2025-10-25
7549,247,38,2,2026-08-10
7550,647,44,4,2025-10-28
7551,505,14,3,2026-06-18
7552,415,42,6,2026-04-16
7553,232,3,7,2025-12-29
7554,876,3,2,2026-07-24
7555,980,6,10,2026-02-14
7556,780,33,8,2026-07-21
7557,777,21,7,2026-04-22
7558,98,30,9,2026-03-21
7559,879,27,9,2026-02-10
7560,738,34,1,2026-05-09
7561,11,12,4,2025-09-12
7562,841,2,1,2025-10-26
7563,601,7,6,2025-08-15
7564,798,27,2,2025-12-12
7565,563,9,10,2026-04-16
7566,537,1,4,2026-03-22
7567,705,25,6,2025-11-24
7568,484,41,8,2026-01-18
7569,271,47,5,2026-07-13
7570,843,39,2,2025-09-29
7571,984,47,7,2026-03-05
7572,939,1,10,2025-12-25
7573,697,14,7,2026-01-12
7574,377,40,6,2026-03-07
7575,138,4,2,2026-06-13
7576,319,39,2,2025-09-22
7577,828,8,9,2025-10-19
7578,655,50,10,2025-11-15
7579,294,7,9,2025-12-25
7580,300,15,4,2026-06-25
7581,407,34,8,2026-07-10
7582,352,2,10,2026-07-18
7583,143,49,7,2025-12-26
7584,200,11,3,2026-06-09
7585,965,14,10,2026-08-01
7586,617,33,3,2026-06-28
7587,76,16,8,2025-09-09
7588,282,22,6,2026-07-07
7589,429,5,2,2025-11-26
7590,262,3,5,2025-09-21
7591,134,34,9,2025-12-16
7592,418,48,1,2026-07-07
7593,850,24,1,2026-04-30
7594,797,22,4,2026-07-05
7595,505,26,7,2026-04-04
7596,446,48,1,2026-02-25
7597,532,45,2,2025-08-29
7598,120,48,3,2026-07-26
7599,437,50,1,2026-05-07
7600,962,3,4,2026-03-11
7601,896,4,9,2026-05-16
7602,907,14,6,2026-05-08
7603,400,26,10,2025-11-24
7604,91,49,1,2026-04-02
7605,396,10,8,2025-09-03
7606,75,21,4,2025-09-03
7607,103,12,4,2025-11-08
7608,261,22,6,2025-12-17
7609,54,28,9,2025-12-30
7610,564,12,7,2026-02-14
7611,586,7,8,2025-09-08
7612,642,32,7,2025-10-29
7613,782,36,3,2025-12-10
7614,637,14,9,2026-02-19
7615,852,17,5,2026-04-08
7616,768,3,2,2025-11-20
7617,248,20,9,2026-04-05
7618,6,34,8,2026-02-02
7619,799,13,6,2026-01-26
7620,306,16,8,2025-12-18
7621,884,43,9,2025-08-30
7622,755,34,3,2025-08-27
7623,418,3,4,2026-04-02
7624,240,42,6,2025-09-18
7625,630,47,2,2026-01-06
7626,55,7,6,2026-07-18
7627,463,45,1,2025-12-29
7628,621,4,9,2026-01-22
7629,378,37,10,2026-02-06
7630,725,5,5,2026-06-06
7631,293,37,3,2026-02-28
7632,958,2,8,2025-08-25
7633,262,38,3,2026-07-30
7634,413,49,10,2026-03-22
7635,724,37,10,2025-10-07
7636,966,41,7,2026-01-28
7637,786,40,10,2026-07-11
7638,828,25,5,2025-09-18
7639,851,36,10,2026-07-06
7640,778,39,8,2026-02-20
7641,92,34,5,2026-03-04
7642,149,35,6,2026-04-26
7643,594,25,10,2026-02-05
7644,255,10,6,2025-09-18
7645,579,7,5,2025-09-15
7646,22,50,9,2025-12-23
7647,909,20,10,2026-07-17
7648,634,13,3,2026-01-14
7649,912,13,2,2026-05-31
7650,190,50,4,2026-08-04
7651,302,50,3,2025-09-22
7652,795,28,7,2026-03-08
7653,578,36,1,2026-01-31
7654,418,40,1,2026-06-12
7655,572,31,3,2026-01-19
7656,408,41,2,2026-03-11
7657,469,49,7,2026-04-29
7658,996,2,8,2025-10-24
7659,179,48,4,2025-10-23
7660,317,36,4,2026-01-10
7661,533,39,4,2026-02-02
7662,334,43,10,2025-08-27
7663,930,24,4,2025-12-07
7664,921,34,3,2025-08-22
7665,674,36,1,2026-08-01
7666,857,19,1,2026-02-24
7667,919,23,7,2025-12-27
7668,909,43,2,2025-11-13
7669,146,45,10,2026-04-04
7670,625,28,6,2025-09-05
7671,31,36,3,2025-12-17
7672,416,38,6,2025-12-09
7673,558,44,3,2026-04-27
7674,445,43,5,2026-02-27
7675,96,36,7,2025-11-10
7676,587,25,6,2026-07-26
7677,417,41,2,2026-08-08
7678,946,14,1,2026-03-11
7679,576,31,7,2026-03-17
7680,101,44,3,2026-05-17
7681,785,13,9,2025-10-10
7682,322,37,6,2025-10-09
7683,946,49,2,2026-01-05
7684,258,13,5,2025-10-02
7685,409,35,3,2026-01-30
7686,247,38,5,2026-05-23
7687,871,33,5,2026-02-04
7688,642,3,1,2026-03-04
7689,853,11,8,2025-09-05
7690,771,15,1,2025-12-10
7691,7,43,9,2026-06-06
7692,445,39,7,2026-07-18
7693,930,25,2,2026-01-15
7694,57,8,7,2026-02-05
7695,516,13,2,2026-06-26
7696,84,43,4,2025-08-13
7697,834,40,6,2026-06-28
7698,844,2,1,2025-10-25
7699,969,5,7,2025-10-06
7700,541,4,10,2026-02-16
7701,664,18,2,2025-10-25
7702,301,41,10,2026-07-07
7703,75,48,6,2026-01-28
7704,56,30,7,2026-02-03
7705,793,12,9,2025-12-30
7706,201,38,8,2026-03-16
7707,658,27,3,2026-06-04
7708,52,47,6,2025-11-01
7709,226,41,5,2025-12-05
7710,277,2,8,2026-04-02
7711,452,29,10,2026-06-04
7712,289,26,3,2026-04-28
7713,60,46,8,2025-10-11
7714,907,9,7,2025-09-27
7715,782,27,3,2026-02-17
7716,611,9,6,2026-07-23
7717,20,36,2,2026-01-15
7718,764,32,8,2026-08-01
7719,945,25,1,2025-08-13
7720,165,37,10,2026-02-27
7721,69,50,5,2026-06-07
7722,24,26,9,2026-07-22
7723,691,35,5,2025-08-14
7724,69,13,4,2026-07-13
7725,208,30,4,2026-07-16
7726,92,9,6,2025-09-26
7727,367,46,3,2026-05-03
7728,208,23,7,2025-08-14
7729,112,30,9,2026-01-26
7730,950,6,8,2026-06-11
7731,11,14,3,2026-03-03
7732,695,7,2,2026-04-30
7733,618,11,1,2025-10-12
7734,389,8,4,2026-02-05
7735,769,28,4,2026-02-01
7736,845,33,6,2026-01-25
7737,136,30,8,2026-05-12
7738,560,37,6,2026-05-15
7739,386,8,4,2025-09-25
7740,224,29,2,2026-05-17
7741,913,43,9,2025-11-27
7742,304,20,5,2025-12-06
7743,607,4,3,2026-04-22
7744,886,38,6,2026-02-03
7745,49,10,7,2026-02-12
7746,302,33,1,2026-01-01
7747,997,7,7,2025-08-12
7748,283,19,1,2026-03-20
7749,243,29,4,2025-08-15
7750,699,17,2,2026-07-10
7751,408,31,9,2025-10-04
7752,111,10,8,2025-08-29
7753,759,32,9,2025-10-02
7754,175,12,2,2026-06-21
7755,15,11,2,2025-10-02
7756,900,32,10,2025-11-28
7757,550,12,2,2025-11-26
7758,644,13,5,2025-10-30
7759,532,27,3,2026-04-17
7760,587,35,6,2025-08-30
7761,753,32,10,2026-05-09
7762,449,15,7,2026-02-04
7763,888,15,9,2026-06-08
7764,249,8,9,2026-04-11
7765,182,35,6,2026-08-07
7766,419,2,6,2025-09-15
7767,235,37,8,2026-03-26
7768,983,48,1,2026-07-17
7769,505,45,10,2026-04-29
7770,558,47,7,2026-01-15
7771,413,44,2,2025-09-25
7772,465,31,1,2026-03-12
7773,413,32,4,2026-03-30
7774,922,26,9,2025-09-20
7775,799,10,1,2025-12-23
7776,374,49,1,2026-03-23
7777,386,35,3,2025-12-18
7778,87,43,3,2026-01-04
7779,185,15,6,2026-05-20
7780,336,44,3,2026-01-07
7781,89,26,6,2025-08-26
7782,16,50,6,2026-03-23
7783,553,29,2,2026-04-18
7784,704,17,7,2026-02-19
7785,584,10,2,2025-11-05
7786,536,42,3,2025-11-25
7787,75,37,3,2025-11-17
7788,336,37,7,2025-08-18
7789,993,30,10,2026-04-30
7790,978,3,9,2025-10-06
7791,605,35,5,2026-07-20
7792,241,28,10,2026-06-15
7793,624,35,5,2026-07-23
7794,803,35,1,2026-08-08
7795,976,11,3,2025-12-29
7796,914,3,6,2026-04-29
7797,818,3,10,2025-10-22
7798,709,47,4,2026-01-26
7799,679,35,7,2025-10-24
7800,999,47,10,2026-04-23
7801,734,45,5,2025-09-27
7802,520,19,3,2025-09-13
7803,306,39,6,2025-09-08
7804,867,48,10,2025-11-14
7805,525,36,2,2026-08-07
7806,663,6,5,2026-04-26
7807,356,29,9,2026-01-26
7808,520,30,1,2025-12-22
7809,712,42,8,2025-11-24
7810,94,23,3,2026-04-14
7811,241,35,7,2026-01-13
7812,459,25,8,2026-05-17
7813,201,35,3,2025-12-12
7814,27,40,8,2026-05-27
7815,282,25,2,2026-03-14
7816,987,40,2,2025-09-11
7817,737,41,8,2026-07-23
7818,507,40,9,2025-08-25
7819,505,25,9,2026-04-25
7820,154,40,10,2025-08-28
7821,938,28,9,2026-01-04
7822,510,46,3,2026-06-11
7823,858,9,6,2025-10-06
7824,529,37,4,2025-08-15
7825,506,48,1,2026-02-12
7826,810,42,9,2025-09-30
7827,326,44,9,2025-12-17
7828,1,26,3,2026-03-09
7829,699,41,4,2025-10-27
7830,378,4,5,2025-11-15
7831,905,2,6,2026-01-30
7832,774,25,7,2025-12-13
7833,746,40,6,2026-01-25
7834,703,30,10,2026-03-03
7835,40,2,2,2026-06-20
7836,172,18,9,2025-10-31
7837,181,50,6,2025-11-25
7838,873,24,5,2026-02-11
7839,258,12,9,2025-10-26
7840,403,30,10,2026-02-08
7841,404,13,3,2025-09-13
7842,362,40,5,2025-10-19
7843,191,41,4,2025-11-23
7844,650,9,9,2026-01-06
7845,758,37,5,2026-03-08
7846,809,26,4,2026-06-07
7847,888,13,9,2025-12-30
7848,984,37,2,2026-08-02
7849,349,26,3,2026-04-29
7850,267,6,6,2026-07-16
7851,192,35,6,2026-08-07
7852,740,31,3,2025-12-31
7853,936,22,7,2025-11-23
7854,172,37,3,2026-06-12
7855,414,38,4,2026-06-05
7856,890,45,4,2025-08-20
7857,352,34,10,2025-10-27
7858,801,44,6,2026-07-22
7859,105,15,9,2026-07-25
7860,109,36,7,2026-04-22
7861,379,24,1,2026-06-07
7862,975,42,8,2026-01-08
7863,532,17,7,2025-12-23
7864,973,36,6,2026-05-23
7865,17,40,6,2025-10-02
7866,775,32,5,2026-01-02
7867,845,17,4,2025-12-11
7868,8,13,5,2026-06-22
7869,644,40,2,2026-03-16
7870,899,44,9,2025-10-11
7871,845,37,2,2026-05-02
7872,949,8,8,2026-04-14
7873,614,31,3,2025-11-26
7874,49,13,9,2025-08-26
7875,854,46,6,2025-08-24
7876,596,16,5,2026-06-30
7877,813,3,2,2026-04-16
7878,859,24,4,2025-10-02
7879,404,20,2,2026-02-27
7880,334,19,8,2026-04-12
7881,111,21,6,2025-09-12
7882,208,7,4,2026-04-12
7883,747,12,6,2025-12-27
7884,635,14,7,2025-08-18
7885,488,47,9,2025-09-12
7886,100,16,7,2025-08-20
7887,459,21,1,2026-05-19
7888,17,40,5,2025-11-22
7889,976,10,2,2026-06-09
7890,291,50,2,2026-02-09
7891,37,50,6,2025-09-22
7892,182,30,7,2026-07-27
7893,631,34,2,2025-10-25
7894,713,38,9,2025-09-01
7895,485,36,1,2026-04-05
7896,620,47,3,2026-05-04
7897,776,31,1,2026-08-08
7898,279,24,3,2025-12-07
7899,241,33,9,2026-01-13
7900,572,50,6,2026-04-08
7901,412,11,3,2025-10-30
7902,958,22,9,2026-03-18
7903,829,50,7,2026-05-18
7904,427,4,6,2026-07-06
7905,885,50,10,2026-06-05
7906,519,27,8,2025-09-13
7907,552,29,5,2025-09-02
7908,306,11,3,2026-05-03
7909,505,46,6,2026-03-15
7910,523,22,5,2026-02-20
7911,555,41,6,2026-03-17
7912,751,38,7,2025-11-05
7913,988,24,6,2026-03-02
7914,807,46,10,2026-02-18
7915,295,12,9,2026-05-05
7916,132,20,10,2026-06-04
7917,933,8,2,2025-12-03
7918,832,45,7,2026-06-09
7919,341,2,3,2026-07-31
7920,955,1,1,2025-10-14
7921,44,10,5,2026-04-04
7922,382,41,4,2026-07-25
7923,601,42,4,2025-12-12
7924,75,16,3,2026-07-26
7925,659,8,6,2025-09-04
7926,890,21,2,2026-02-27
7927,214,1,6,2026-07-23
7928,349,31,1,2026-05-15
7929,535,14,7,2026-03-28
7930,569,48,3,2025-08-30
7931,699,7,5,2026-05-09
7932,311,19,9,2025-08-30
7933,538,40,7,2025-11-16
7934,396,38,10,2025-10-31
7935,734,32,3,2026-01-21
7936,512,45,4,2026-01-14
7937,434,29,8,2025-11-08
7938,737,19,7,2026-01-11
7939,154,48,1,2025-10-13
7940,133,24,9,2026-07-13
7941,757,46,3,2025-08-21
7942,942,24,5,2026-05-27
7943,215,5,9,2025-09-11
7944,224,12,9,2026-08-07
7945,828,7,3,2026-04-15
7946,195,5,3,2026-01-16
7947,205,39,3,2025-09-05
7948,900,42,1,2026-06-20
7949,642,20,10,2026-06-24
7950,95,4,7,2026-03-09
7951,757,1,2,2026-05-24
7952,533,16,7,2026-07-05
7953,269,32,3,2026-08-06
7954,209,46,9,2026-05-20
7955,475,23,1,2026-06-17
7956,546,11,8,2026-06-27
7957,414,34,2,2026-07-11
7958,682,30,3,2025-10-31
7959,806,12,6,2026-08-10
7960,492,30,6,2026-06-23
7961,267,48,6,2025-09-13
7962,576,41,5,2026-08-05
7963,496,9,7,2026-04-18
7964,159,37,1,2026-07-24
7965,334,10,10,2026-04-15
7966,93,33,8,2026-05-10
7967,392,43,9,2025-08-15
7968,247,47,2,2026-03-24
7969,402,4,9,2026-02-09
7970,890,12,8,2025-10-25
7971,984,8,8,2026-01-22
7972,180,5,8,2026-02-12
7973,704,14,4,2026-08-05
7974,454,46,4,2025-09-15
7975,949,37,10,2026-03-13
7976,990,12,1,2025-09-26
7977,334,12,3,2025-12-02
7978,159,37,10,2026-04-13
7979,932,40,4,2026-03-21
7980,759,27,3,2026-02-01
7981,979,7,7,2026-01-08
7982,819,21,10,2026-06-24
7983,78,41,5,2026-04-06
7984,242,36,9,2026-05-16
7985,148,16,3,2025-09-19
7986,333,42,6,2026-06-05
7987,720,16,10,2026-01-15
7988,877,35,4,2026-04-21
7989,328,36,5,2025-09-16
7990,274,27,2,2026-02-09
7991,501,47,8,2026-01-04
7992,755,48,8,2026-07-06
7993,225,11,7,2026-04-09
7994,297,16,1,2026-02-26
7995,585,22,5,2026-07-28
7996,887,17,10,2026-01-08
7997,831,50,8,2025-11-06
7998,626,46,2,2026-02-27
7999,185,29,10,2026-07-09
8000,845,38,8,2026-04-13
8001,3,12,10,2025-08-20
8002,179,29,2,2026-05-05
8003,166,4,6,2026-01-04
8004,253,43,10,2026-05-22
8005,480,49,9,2026-04-03
8006,933,32,2,2026-01-27
8007,220,32,6,2026-01-05
8008,142,38,9,2026-03-16
8009,969,34,4,2025-10-18
8010,134,10,1,2026-01-17
8011,832,44,2,2026-01-21
8012,138,24,7,2026-06-12
8013,747,47,1,2026-02-16
8014,562,13,3,2026-03-08
8015,39,3,5,2026-04-20
8016,780,36,8,2026-01-22
8017,622,44,8,2026-01-04
8018,532,33,9,2026-07-25
8019,885,37,8,2026-08-09
8020,358,44,4,2025-12-08
8021,710,48,6,2025-10-19
8022,684,33,6,2026-07-13
8023,190,16,9,2026-03-20
8024,404,4,1,2026-07-04
8025,207,2,5,2026-02-24
8026,310,16,7,2026-03-22
8027,661,6,10,2026-01-28
8028,876,37,6,2026-03-12
8029,113,30,2,2025-11-08
8030,356,11,4,2025-12-06
8031,893,47,10,2026-02-23
8032,921,6,1,2025-09-30
8033,798,10,10,2025-12-14
8034,172,50,10,2026-02-02
8035,768,23,1,2026-01-29
8036,95,20,4,2026-01-17
8037,490,18,9,2026-08-03
8038,198,4,10,2026-06-13
8039,844,13,1,2025-12-29
8040,591,27,8,2025-08-21
8041,85,14,10,2026-06-14
8042,512,6,10,2026-07-11
8043,991,8,3,2025-12-25
8044,408,4,3,2026-05-10
8045,750,10,2,2025-08-21
8046,213,11,2,2025-08-22
8047,888,44,8,2025-09-07
8048,420,30,3,2026-04-29
8049,55,8,10,2026-07-20
8050,790,48,2,2025-09-26
8051,119,8,7,2026-01-20
8052,413,7,3,2026-07-04
8053,936,12,1,2026-05-24
8054,124,40,1,2025-12-10
8055,458,9,6,2026-03-01
8056,678,48,9,2025-10-19
8057,779,29,4,2025-09-06
8058,203,40,4,2026-06-09
8059,38,19,10,2026-03-16
8060,198,28,7,2026-07-25
8061,346,14,9,2025-12-19
8062,14,43,3,2026-01-04
8063,467,42,5,2026-06-01
8064,796,34,2,2026-02-23
8065,154,49,5,2026-01-20
8066,181,7,2,2026-04-06
8067,292,2,9,2026-06-15
8068,700,26,9,2025-12-02
8069,144,22,1,2026-01-15
8070,591,43,6,2025-09-01
8071,138,10,10,2026-04-07
8072,294,25,3,2026-05-22
8073,18,38,4,2025-08-13
8074,718,24,6,2026-03-20
8075,739,25,2,2025-11-15
8076,830,48,1,2026-03-17
8077,825,14,10,2026-04-02
8078,611,23,3,2026-02-19
8079,798,45,10,2026-01-22
8080,509,2,2,2026-06-13
8081,235,30,2,2026-02-07
8082,146,18,4,2026-04-03
8083,435,23,9,2026-08-10
8084,335,35,6,2026-03-29
8085,397,20,3,2026-04-04
8086,218,2,5,2026-05-22
8087,965,5,3,2026-03-15
8088,27,10,8,2025-08-18
8089,953,4,7,2025-09-18
8090,127,24,10,2026-06-29
8091,166,31,4,2025-12-14
8092,571,32,5,2025-08-16
8093,62,11,10,2026-04-04
8094,635,4,8,2026-01-02
8095,737,47,2,2026-03-28
8096,442,28,10,2026-02-08
8097,23,27,4,2025-10-13
8098,134,9,5,2026-05-15
8099,544,42,2,2025-08-20
8100,351,21,5,2026-04-11
8101,976,11,1,2026-03-19
8102,228,45,5,2025-10-05
8103,34,16,1,2025-10-17
8104,128,2,10,2025-11-03
8105,372,26,8,2025-10-20
8106,578,50,8,2026-03-21
8107,378,28,5,2026-06-08
8108,638,5,6,2026-04-01
8109,454,38,6,2025-08-17
8110,381,19,7,2025-10-12
8111,864,12,4,2025-08-27
8112,258,31,2,2026-05-25
8113,141,17,8,2026-02-10
8114,445,1,2,2025-10-22
8115,46,36,1,2026-07-22
8116,788,8,9,2026-06-05
8117,126,3,4,2026-05-26
8118,28,48,7,2026-07-09
8119,568,15,2,2026-04-07
8120,461,26,5,2026-01-13
8121,782,6,8,2025-11-14
8122,166,28,9,2026-06-02
8123,44,35,1,2026-01-24
8124,530,7,6,2025-11-07
8125,459,7,3,2026-07-23
8126,607,2,2,2026-05-07
8127,998,22,1,2025-11-25
8128,475,6,4,2025-08-21
8129,521,3,7,2026-06-04
8130,464,7,4,2026-02-09
8131,56,30,4,2026-05-25
8132,341,6,1,2025-09-14
8133,833,19,6,2026-04-03
8134,994,34,5,2025-11-21
8135,504,20,4,2026-01-02
8136,821,26,3,2026-04-11
8137,117,46,4,2026-03-18
8138,26,2,10,2026-07-07
8139,446,12,6,2026-04-17
8140,545,34,6,2026-07-10
8141,458,28,7,2025-11-13
8142,611,17,8,2026-05-02
8143,31,14,2,2026-02-26
8144,575,1,6,2026-02-08
8145,204,43,4,2025-10-27
8146,622,26,3,2026-04-05
8147,843,29,5,2025-11-12
8148,859,28,7,2025-12-26
8149,448,10,2,2025-11-13
8150,362,38,2,2026-05-04
8151,538,16,3,2025-11-22
8152,717,31,1,2026-04-08
8153,33,4,5,2026-07-06
8154,413,27,7,2026-08-03
8155,103,20,6,2026-04-11
8156,642,38,1,2026-01-12
8157,774,5,2,2026-07-17
8158,52,29,10,2026-02-16
8159,498,43,8,2026-04-12
8160,128,17,1,2026-06-27
8161,21,48,5,2026-02-13
8162,600,16,9,2026-05-26
8163,787,36,2,2026-03-05
8164,841,46,10,2026-06-21
8165,776,45,5,2026-04-11
8166,588,1,6,2026-07-17
8167,256,43,2,2026-04-08
8168,325,12,1,2026-07-23
8169,262,40,10,2026-03-30
8170,514,3,10,2026-06-20
8171,305,42,10,2026-06-12
8172,842,32,7,2025-10-29
8173,803,39,9,2026-08-05
8174,505,41,4,2026-06-11
8175,664,5,4,2026-02-17
8176,475,38,8,2025-11-07
8177,702,8,7,2025-08-22
8178,392,39,9,2026-04-11
8179,768,19,2,2026-01-27
8180,421,25,2,2025-12-23
8181,153,14,8,2026-01-31
8182,294,4,8,2026-07-16
8183,492,37,5,2026-07-07
8184,255,15,3,2025-11-26
8185,781,21,7,2025-10-09
8186,188,14,9,2026-07-01
8187,686,38,10,2026-01-08
8188,297,38,10,2026-06-02
8189,934,8,10,2026-03-05
8190,457,1,2,2026-04-09
8191,729,17,3,2026-04-06
8192,905,28,3,2025-11-30
8193,27,14,8,2026-06-26
8194,53,33,8,2026-05-05
8195,840,35,3,2026-08-11
8196,109,6,7,2026-04-21
8197,57,11,1,2026-06-25
8198,646,43,5,2025-08-23
8199,98,35,2,2025-08-20
8200,241,24,10,2026-05-04
8201,586,33,10,2025-12-01
8202,517,50,10,2026-05-31
8203,460,10,2,2025-12-22
8204,86,29,1,2026-05-02
8205,749,35,9,2026-03-18
8206,641,38,5,2026-02-22
8207,951,43,9,2026-01-05
8208,32,5,9,2025-10-11
8209,951,26,5,2026-06-09
8210,312,35,3,2025-08-30
8211,165,49,2,2025-10-23
8212,463,23,9,2025-10-14
8213,526,48,4,2026-08-07
8214,585,29,9,2026-03-20
8215,383,29,1,2025-10-22
8216,553,12,1,2025-08-28
8217,832,2,5,2026-01-30
8218,554,3,7,2025-11-03
8219,486,21,8,2026-05-09
8220,683,6,3,2026-07-09
8221,863,13,7,2026-06-17
8222,577,6,5,2026-03-16
8223,610,26,2,2025-11-18
8224,783,42,2,2026-05-27
8225,957,11,9,2025-12-16
8226,913,32,10,2026-03-30
8227,277,11,10,2026-04-19
8228,687,28,9,2025-11-08
8229,926,33,3,2026-07-16
8230,475,47,7,2025-09-04
8231,593,43,8,2025-10-01
8232,681,41,1,2026-03-04
8233,274,3,10,2025-12-18
8234,364,15,2,2025-12-19
8235,265,6,10,2026-04-16
8236,434,8,6,2026-04-21
8237,438,3,8,2026-04-01
8238,922,36,4,2025-11-29
8239,182,32,5,2025-12-15
8240,691,45,9,2026-04-09
8241,572,15,6,2026-07-29
8242,741,25,6,2025-09-15
8243,110,50,8,2025-10-27
8244,595,43,7,2025-11-03
8245,187,19,1,2025-09-04
8246,907,39,7,2026-07-10
8247,719,41,5,2026-03-18
8248,856,40,7,2026-05-21
8249,393,35,4,2026-04-20
8250,738,17,10,2026-04-19
8251,440,2,5,2026-06-09
8252,464,33,5,2026-05-13
8253,156,5,8,2026-03-27
8254,12,10,9,2026-06-12
8255,347,7,7,2025-12-11
8256,146,11,6,2025-09-09
8257,594,49,4,2026-05-03
8258,846,41,7,2026-07-09
8259,282,35,9,2025-09-21
8260,129,1,9,2025-11-07
8261,991,37,4,2025-12-19
8262,273,35,7,2025-08-22
8263,546,45,9,2026-08-10
8264,234,40,1,2025-10-12
8265,902,28,3,2025-12-21
8266,265,26,8,2026-07-01
8267,155,49,9,2026-06-07
8268,456,39,10,2025-10-05
8269,70,28,1,2026-01-17
8270,639,5,2,2026-04-16
8271,308,5,4,2026-07-09
8272,850,8,10,2026-06-03
8273,918,49,4,2025-12-15
8274,367,43,10,2026-04-22
8275,656,11,4,2026-02-19
8276,732,27,2,2026-02-09
8277,239,14,8,2026-02-21
8278,737,27,1,2026-03-02
8279,350,12,4,2026-04-16
8280,45,17,6,2025-12-17
8281,570,33,2,2025-12-15
8282,411,22,1,2025-09-10
8283,932,11,6,2026-03-31
8284,929,18,5,2026-01-16
8285,508,10,5,2025-08-26
8286,128,40,2,2026-03-20
8287,440,21,1,2026-07-10
8288,894,13,5,2025-09-10
8289,281,2,10,2025-11-04
8290,427,26,2,2025-09-15
8291,482,49,8,2026-02-02
8292,919,48,2,2026-07-08
8293,791,34,3,2025-12-01
8294,717,17,10,2026-06-11
8295,552,37,9,2025-12-04
8296,646,3,9,2026-04-19
8297,555,47,1,2026-04-21
8298,888,26,8,2026-04-24
8299,854,36,3,2026-07-16
8300,100,18,2,2026-01-11
8301,454,18,7,2026-02-01
8302,530,7,4,2026-02-27
8303,860,21,10,2025-09-20
8304,190,26,7,2026-01-25
8305,970,17,9,2025-11-10
8306,433,40,9,2025-11-11
8307,633,16,10,2025-09-15
8308,406,45,10,2026-06-16
8309,563,29,5,2026-06-17
8310,953,33,7,2026-04-13
8311,581,20,2,2026-06-11
8312,336,22,10,2025-12-27
8313,268,21,1,2026-01-13
8314,114,8,10,2026-05-03
8315,139,47,10,2026-06-26
8316,696,12,1,2025-10-12
8317,866,44,8,2026-01-14
8318,370,16,7,2026-07-01
8319,911,45,1,2025-10-14
8320,360,8,2,2026-01-14
8321,486,6,7,2026-02-16
8322,700,47,1,2026-02-20
8323,233,39,9,2026-02-15
8324,771,50,9,2026-05-25
8325,827,26,4,2026-01-20
8326,432,21,4,2025-10-09
8327,421,46,3,2026-03-15
8328,103,33,10,2026-07-19
8329,267,21,6,2026-01-14
8330,614,4,7,2025-11-05
8331,498,1,1,2026-03-20
8332,26,39,10,2026-01-16
8333,309,9,5,2025-08-19
8334,544,38,5,2026-06-16
8335,184,4,5,2026-07-15
8336,943,25,7,2026-03-18
8337,699,18,9,2026-07-25
8338,629,28,7,2026-01-18
8339,510,27,1,2026-02-08
8340,335,28,5,2025-09-02
8341,166,1,5,2025-12-12
8342,323,28,6,2026-04-29
8343,502,49,8,2026-05-02
8344,349,35,1,2026-06-08
8345,585,29,5,2026-02-25
8346,787,21,4,2026-07-13
8347,197,33,10,2025-09-26
8348,30,28,3,2026-04-16
8349,249,24,5,2026-05-03
8350,819,26,7,2026-01-20
8351,803,9,3,2026-04-16
8352,789,27,6,2025-09-17
8353,718,19,1,2025-10-14
8354,112,26,6,2026-05-17
8355,619,39,6,2025-11-22
8356,235,4,1,2025-11-03
8357,712,44,7,2026-05-22
8358,165,12,2,2026-07-14
8359,180,10,5,2026-02-22
8360,186,49,8,2025-08-26
8361,439,31,8,2026-02-11
8362,319,26,3,2026-06-19
8363,783,21,10,2025-09-14
8364,69,25,1,2025-11-26
8365,107,6,3,2025-10-06
8366,288,46,2,2025-10-04
8367,95,24,9,2026-03-22
8368,835,17,9,2025-11-08
8369,817,34,7,2025-11-28
8370,62,1,9,2025-08-28
8371,16,7,8,2026-04-17
8372,603,34,7,2026-03-02
8373,493,46,8,2026-05-26
8374,573,9,4,2025-11-06
8375,896,6,3,2025-11-10
8376,592,39,6,2025-09-29
8377,455,1,5,2025-12-22
8378,457,9,7,2025-12-25
8379,812,17,3,2025-12-28
8380,654,28,2,2025-10-18
8381,151,47,2,2026-03-23
8382,942,11,1,2025-09-21
8383,209,34,5,2025-12-11
8384,235,48,8,2026-03-16
8385,351,15,7,2026-05-12
8386,355,45,10,2026-03-30
8387,748,25,9,2025-10-22
8388,50,30,9,2025-09-12
8389,359,41,3,2026-06-19
8390,378,17,9,2025-10-25
8391,180,20,3,2025-11-29
8392,127,43,9,2026-01-18
8393,712,49,4,2026-03-25
8394,516,21,5,2025-11-02
8395,371,49,5,2026-05-30
8396,49,3,7,2026-07-02
8397,261,20,6,2026-04-19
8398,293,42,8,2026-06-21
8399,347,48,3,2026-04-12
8400,891,13,2,2026-03-14
8401,115,9,4,2026-02-05
8402,158,46,8,2026-04-17
8403,293,50,9,2025-09-20
8404,630,49,8,2025-08-17
8405,699,40,2,2025-10-04
8406,462,29,7,2026-03-13
8407,783,14,4,2026-07-25
8408,681,19,3,2026-07-20
8409,502,11,1,2026-03-21
8410,197,36,9,2026-01-01
8411,389,44,3,2026-05-25
8412,840,5,8,2025-12-14
8413,363,46,1,2025-09-04
8414,671,35,1,2026-01-24
8415,821,5,10,2026-06-21
8416,803,25,4,2026-02-14
8417,847,3,5,2026-06-16
8418,337,46,4,2025-10-02
8419,34,25,10,2026-03-24
8420,812,15,6,2026-05-11
8421,737,35,9,2026-05-06
8422,850,10,5,2026-02-07
8423,640,15,6,2026-06-08
8424,869,15,5,2025-10-07
8425,13,3,2,2025-09-16
8426,528,5,7,2026-03-01
8427,452,31,9,2026-01-04
8428,294,33,2,2026-07-07
8429,863,28,6,2026-05-26
8430,177,18,5,2026-01-21
8431,261,43,6,2026-04-17
8432,268,17,7,2026-01-18
8433,55,35,4,2026-02-05
8434,840,35,6,2026-05-21
8435,705,5,8,2025-12-21
8436,618,40,4,2026-03-06
8437,462,46,9,2026-04-18
8438,110,1,6,2026-02-06
8439,247,42,10,2026-01-20
8440,127,10,9,2025-11-26
8441,468,33,9,2026-06-19
8442,677,17,9,2026-05-10
8443,753,25,10,2026-06-15
8444,582,38,7,2025-09-10
8445,601,34,9,2026-06-24
8446,796,10,10,2025-09-01
8447,63,20,6,2025-11-20
8448,493,38,3,2025-08-30
8449,858,31,2,2026-06-04
8450,281,29,3,2025-10-15
8451,260,25,4,2025-09-28
8452,38,6,10,2026-04-05
8453,554,48,7,2026-05-10
8454,728,17,3,2026-02-18
8455,275,9,4,2026-03-05
8456,852,36,4,2026-03-03
8457,607,29,3,2025-08-24
8458,534,16,4,2025-10-28
8459,582,7,3,2026-07-22
8460,1000,8,9,2026-04-02
8461,512,2,7,2026-06-30
8462,943,11,10,2025-10-13
8463,216,12,9,2025-12-05
8464,888,33,1,2026-01-05
8465,729,37,9,2026-05-17
8466,947,14,3,2025-08-29
8467,150,8,1,2026-04-06
8468,836,8,1,2025-08-29
8469,190,15,3,2025-08-15
8470,911,1,1,2026-05-24
8471,65,45,9,2026-05-27
8472,396,30,7,2025-11-19
8473,389,8,1,2026-04-19
8474,932,2,9,2026-01-27
8475,862,41,10,2025-12-17
8476,688,36,8,2026-03-28
8477,733,25,2,2026-02-24
8478,12,36,2,2026-05-03
8479,838,19,4,2025-11-07
8480,382,25,2,2026-01-14
8481,296,4,4,2026-02-12
8482,920,36,5,2025-08-28
8483,951,21,4,2026-07-03
8484,657,6,10,2026-06-11
8485,523,49,1,2026-04-12
8486,806,31,5,2026-01-22
8487,432,49,9,2025-09-07
8488,657,9,4,2026-06-26
8489,323,20,7,2025-12-04
8490,888,38,6,2025-11-09
8491,853,44,2,2025-11-22
8492,36,1,4,2025-09-02
8493,751,50,1,2026-02-27
8494,469,49,7,2025-10-09
8495,938,12,1,2025-08-13
8496,379,18,6,2025-11-06
8497,976,48,10,2026-04-09
8498,389,29,2,2025-10-12
8499,340,2,1,2026-05-30
8500,447,28,7,2025-10-14
8501,433,18,2,2026-05-21
8502,76,1,7,2026-05-09
8503,939,24,5,2026-04-19
8504,889,6,2,2025-09-09
8505,721,15,5,2026-05-14
8506,2,29,9,2025-12-31
8507,332,7,7,2025-09-25
8508,629,38,5,2026-05-24
8509,791,40,8,2026-01-09
8510,43,34,10,2026-01-11
8511,16,24,9,2025-08-15
8512,779,13,7,2026-02-24
8513,430,36,4,2026-04-16
8514,302,36,3,2026-04-17
8515,387,35,10,2026-04-06
8516,579,40,7,2026-04-25
8517,164,25,10,2026-08-09
8518,471,1,9,2026-05-09
8519,240,35,7,2026-03-19
8520,572,36,9,2026-01-29
8521,920,41,10,2026-02-14
8522,122,31,9,2026-04-27
8523,699,43,8,2026-04-06
8524,801,40,2,2026-01-15
8525,373,2,6,2025-10-18
8526,823,38,7,2025-08-27
8527,185,24,8,2025-12-19
8528,865,5,10,2025-09-10
8529,466,25,1,2026-04-24
8530,710,39,4,2025-09-17
8531,130,2,2,2025-08-30
8532,136,28,6,2026-02-01
8533,466,41,9,2025-08-15
8534,592,36,3,2025-09-22
8535,390,1,5,2025-11-08
8536,81,36,1,2026-03-05
8537,780,37,6,2026-06-26
8538,957,9,2,2025-08-22
8539,803,30,6,2026-04-08
8540,344,33,6,2026-02-23
8541,995,8,8,2026-03-22
8542,499,30,5,2025-09-19
8543,724,6,3,2025-10-30
8544,500,19,7,2025-08-14
8545,617,12,2,2025-12-25
8546,99,35,9,2026-05-18
8547,149,18,2,2026-06-30
8548,624,46,10,2026-03-13
8549,413,9,7,2025-09-10
8550,273,12,3,2025-11-16
8551,145,39,8,2026-04-04
8552,343,33,10,2025-12-22
8553,77,29,1,2026-07-20
8554,831,46,5,2026-01-12
8555,739,47,6,2026-01-31
8556,273,9,2,2026-03-25
8557,844,36,6,2025-12-15
8558,698,19,6,2026-01-01
8559,498,3,6,2025-09-23
8560,446,50,9,2025-10-19
8561,130,1,10,2026-01-15
8562,145,9,6,2025-09-09
8563,509,1,10,2026-01-19
8564,19,47,1,2026-05-07
8565,65,41,7,2026-06-04
8566,225,46,6,2026-04-20
8567,420,18,1,2026-04-16
8568,471,11,4,2026-02-11
8569,848,9,5,2026-05-13
8570,868,31,3,2026-06-17
8571,516,11,9,2025-11-08
8572,626,21,5,2025-12-19
8573,6,4,2,2025-09-19
8574,498,34,9,2026-05-10
8575,188,11,5,2026-05-18
8576,735,29,4,2025-12-29
8577,93,9,7,2026-05-23
8578,75,25,9,2026-02-27
8579,947,50,6,2026-07-22
8580,7,31,2,2025-12-26
8581,61,23,9,2026-02-08
8582,657,45,1,2026-01-26
8583,94,8,10,2025-10-22
8584,381,1,10,2026-06-17
8585,183,30,2,2026-02-20
8586,836,43,2,2026-05-12
8587,323,12,7,2026-06-09
8588,83,48,1,2025-08-29
8589,762,24,4,2026-05-05
8590,970,29,1,2025-10-30
8591,841,37,3,2026-04-08
8592,205,3,1,2026-05-01
8593,474,5,7,2026-07-27
8594,608,21,1,2026-04-13
8595,5,31,5,2026-07-29
8596,928,45,2,2025-11-30
8597,899,33,10,2026-05-27
8598,805,20,9,2026-07-02
8599,729,21,5,2025-10-15
8600,233,42,3,2026-01-14
8601,817,37,9,2026-05-05
8602,480,27,10,2025-08-12
8603,569,37,4,2026-07-26
8604,886,27,6,2025-09-21
8605,135,39,5,2026-06-02
8606,286,31,2,2026-01-11
8607,424,47,2,2025-09-16
8608,983,40,9,2025-11-29
8609,948,10,8,2026-03-29
8610,208,20,9,2025-09-18
8611,85,14,2,2025-10-18
8612,37,17,6,2026-02-15
8613,47,10,6,2025-09-22
8614,794,36,10,2026-01-04
8615,413,15,3,2026-02-22
8616,71,30,5,2026-01-13
8617,219,47,6,2026-07-02
8618,449,17,9,2026-01-11
8619,783,16,6,2026-02-03
8620,893,10,7,2026-06-16
8621,543,4,7,2026-01-01
8622,883,18,9,2025-12-28
8623,446,3,7,2026-08-04
8624,459,13,10,2025-12-31
8625,562,15,5,2026-02-14
8626,913,20,9,2026-02-04
8627,516,13,9,2025-08-19
8628,311,12,6,2025-12-28
8629,820,15,7,2026-03-04
8630,944,41,5,2026-07-29
8631,416,9,9,2025-08-13
8632,49,22,6,2025-11-21
8633,55,29,8,2025-10-31
8634,950,18,1,2026-04-18
8635,403,24,8,2026-07-14
8636,635,22,6,2025-11-03
8637,82,24,7,2026-05-05
8638,164,14,10,2026-04-21
8639,188,47,1,2025-09-09
8640,609,3,9,2025-12-16
8641,960,22,6,2026-08-04
8642,110,3,8,2026-05-12
8643,645,45,5,2025-10-04
8644,749,2,10,2026-07-27
8645,105,15,2,2026-08-08
8646,974,6,2,2026-03-17
8647,474,50,9,2026-04-11
8648,964,25,2,2025-10-12
8649,616,44,1,2026-07-20
8650,146,22,5,2025-12-30
8651,722,29,7,2026-03-18
8652,56,44,3,2025-11-22
8653,173,41,1,2025-08-27
8654,416,46,10,2025-11-16
8655,380,15,6,2025-12-28
8656,838,18,2,2026-07-20
8657,699,12,1,2025-10-04
8658,915,6,3,2025-09-15
8659,187,29,6,2026-02-26
8660,804,37,6,2025-10-13
8661,893,4,1,2026-02-15
8662,162,27,1,2025-11-22
8663,81,21,2,2025-09-26
8664,346,14,3,2025-10-21
8665,929,23,10,2025-09-13
8666,266,29,10,2025-09-22
8667,348,3,8,2026-04-23
8668,290,3,8,2026-05-21
8669,103,49,8,2026-07-24
8670,722,13,3,2026-04-07
8671,475,39,9,2026-06-18
8672,51,23,10,2026-02-03
8673,691,24,1,2026-04-16
8674,936,15,2,2026-02-20
8675,50,1,7,2026-05-05
8676,295,44,10,2026-06-14
8677,222,20,1,2026-02-18
8678,209,45,10,2025-11-12
8679,122,1,5,2026-03-11
8680,357,9,1,2026-07-05
8681,900,14,7,2026-03-12
8682,47,33,10,2026-01-23
8683,716,49,5,2026-03-19
8684,66,5,9,2025-12-05
8685,308,41,10,2026-07-18
8686,932,7,4,2025-09-30
8687,670,22,10,2026-02-07
8688,632,12,9,2025-09-21
8689,368,23,4,2026-02-27
8690,932,24,10,2026-01-08
8691,349,10,1,2025-12-12
8692,371,25,2,2026-01-11
8693,35,4,7,2026-02-17
8694,987,32,10,2025-09-15
8695,964,37,1,2026-03-26
8696,660,2,7,2026-04-11
8697,585,28,9,2026-08-11
8698,61,5,9,2026-07-04
8699,397,46,8,2025-08-15
8700,489,17,1,2025-09-09
8701,797,45,4,2025-10-28
8702,491,33,5,2026-06-01
8703,712,44,3,2026-06-20
8704,734,14,4,2026-06-24
8705,584,19,5,2025-12-04
8706,595,45,6,2026-06-23
8707,883,15,1,2025-09-15
8708,3,26,8,2026-01-08
8709,470,25,3,2026-06-11
8710,343,21,1,2025-10-12
8711,224,11,6,2026-01-27
8712,849,1,2,2026-07-27
8713,506,14,7,2026-06-12
8714,321,17,3,2026-01-23
8715,921,26,3,2025-10-16
8716,293,7,8,2026-06-25
8717,551,17,3,2026-01-10
8718,597,4,3,2026-01-12
8719,678,37,3,2025-12-01
8720,225,15,5,2026-01-09
8721,339,7,2,2026-02-06
8722,16,48,1,2026-03-05
8723,586,3,7,2025-09-06
8724,860,44,1,2026-03-10
8725,365,16,1,2026-07-04
8726,653,49,9,2026-02-20
8727,570,27,9,2026-04-21
8728,260,16,1,2026-03-15
8729,156,8,2,2026-03-12
8730,394,26,8,2026-03-14
8731,226,9,10,2026-01-02
8732,950,1,5,2026-08-04
8733,918,44,6,2025-10-12
8734,981,30,6,2025-08-29
8735,773,37,9,2026-05-18
8736,809,35,8,2026-04-04
8737,332,37,3,2025-08-16
8738,90,11,10,2025-09-09
8739,755,38,7,2026-08-09
8740,320,11,7,2025-12-17
8741,48,15,4,2026-05-30
8742,430,43,3,2026-04-23
8743,817,1,3,2025-09-23
8744,469,24,6,2025-11-01
8745,534,12,2,2026-08-07
8746,262,30,8,2025-10-22
8747,912,2,10,2026-07-15
8748,130,1,8,2026-06-01
8749,118,6,6,2025-11-08
8750,863,11,4,2026-01-31
8751,731,49,9,2026-06-23
8752,7,12,4,2025-12-10
8753,442,45,3,2026-03-11
8754,102,42,10,2026-05-15
8755,743,43,3,2025-08-28
8756,70,23,9,2026-04-21
8757,805,8,9,2026-06-13
8758,587,32,1,2025-11-08
8759,703,24,10,2026-04-15
8760,97,28,2,2026-03-20
8761,792,8,9,2026-05-13
8762,448,14,9,2025-12-25
8763,381,22,9,2026-05-23
8764,564,6,10,2026-02-12
8765,902,21,10,2025-12-15
8766,768,30,8,2026-01-13
8767,172,46,2,2026-08-01
8768,391,36,9,2026-06-25
8769,46,46,1,2026-04-17
8770,769,50,6,2026-07-13
8771,940,16,8,2026-02-28
8772,548,49,10,2026-06-12
8773,879,14,2,2025-10-07
8774,561,25,10,2026-06-19
8775,966,10,9,2026-08-12
8776,931,38,8,2025-10-30
8777,921,12,9,2026-03-31
8778,283,22,5,2025-10-04
8779,888,4,2,2025-12-07
8780,527,9,3,2026-07-29
8781,740,49,8,2025-12-15
8782,167,1,1,2026-01-19
8783,182,36,4,2025-11-19
8784,630,19,9,2026-06-13
8785,131,41,4,2026-04-25
8786,139,43,3,2025-10-18
8787,61,17,2,2026-03-04
8788,285,18,8,2026-06-29
8789,286,42,4,2026-03-30
8790,749,9,9,2026-06-16
8791,766,8,2,2026-07-08
8792,432,24,10,2026-06-12
8793,617,46,4,2026-06-12
8794,718,1,3,2026-06-25
8795,754,41,1,2026-07-06
8796,131,3,4,2026-07-09
8797,52,18,3,2025-09-19
8798,225,9,3,2026-04-26
8799,735,29,8,2025-10-17
8800,368,9,2,2025-10-19
8801,250,24,4,2026-06-04
8802,43,50,3,2025-09-25
8803,516,6,7,2026-02-26
8804,344,4,7,2025-11-05
8805,260,26,4,2026-03-18
8806,3,44,1,2025-12-21
8807,353,46,10,2025-09-16
8808,237,29,8,2025-10-27
8809,471,23,7,2026-05-21
8810,925,38,2,2025-11-12
8811,626,35,4,2025-11-05
8812,136,50,2,2025-12-04
8813,701,2,3,2025-10-30
8814,613,6,7,2025-08-31
8815,700,44,2,2025-11-08
8816,481,20,7,2026-07-05
8817,886,39,1,2026-06-01
8818,882,11,10,2026-03-18
8819,768,34,4,2026-02-18
8820,123,2,5,2026-05-08
8821,254,48,9,2026-05-22
8822,841,18,2,2026-03-27
8823,635,25,7,2026-04-07
8824,167,10,10,2026-01-15
8825,84,13,2,2026-04-11
8826,430,32,1,2025-12-22
8827,514,4,6,2026-05-27
8828,416,36,6,2026-02-25
8829,993,27,7,2025-09-30
8830,472,49,1,2025-11-21
8831,393,15,7,2026-05-05
8832,953,10,2,2026-03-05
8833,585,33,7,2026-05-13
8834,371,24,1,2026-03-21
8835,311,38,5,2025-10-15
8836,798,49,5,2025-09-20
8837,308,42,1,2026-02-04
8838,452,28,7,2026-05-23
8839,202,44,5,2025-10-19
8840,620,50,4,2026-04-07
8841,735,15,10,2026-05-17
8842,427,23,1,2025-09-15
8843,310,42,10,2026-01-05
8844,386,11,8,2025-09-04
8845,195,9,3,2026-06-29
8846,395,9,7,2025-10-29
8847,904,8,2,2026-03-27
8848,303,10,5,2025-10-21
8849,222,27,3,2026-01-15
8850,942,48,6,2025-08-22
8851,964,42,9,2026-04-22
8852,713,21,5,2025-09-25
8853,690,10,2,2026-04-09
8854,696,33,9,2026-04-27
8855,652,3,9,2026-08-03
8856,753,32,10,2026-04-27
8857,974,44,10,2025-10-16
8858,101,48,10,2025-09-29
8859,953,27,3,2025-10-13
8860,655,16,5,2025-10-13
8861,930,46,2,2026-06-19
8862,674,39,10,2025-11-18
8863,700,25,5,2026-04-20
8864,226,13,9,2026-02-20
8865,347,16,3,2026-05-28
8866,738,19,8,2026-05-03
8867,998,12,6,2026-06-04
8868,683,4,6,2025-09-03
8869,545,16,4,2026-04-15
8870,252,17,4,2025-11-09
8871,973,3,4,2026-05-07
8872,80,6,6,2026-01-17
8873,869,43,9,2025-12-02
8874,512,26,1,2025-08-17
8875,383,47,5,2026-07-04
8876,379,30,7,2025-09-17
8877,939,45,10,2026-05-28
8878,692,18,8,2025-11-26
8879,339,30,7,2025-10-12
8880,601,46,5,2026-05-17
8881,740,50,6,2026-03-02
8882,970,13,6,2026-06-20
8883,991,16,7,2025-10-07
8884,380,37,8,2026-08-07
8885,878,18,7,2025-08-23
8886,396,47,10,2026-04-22
8887,796,33,7,2025-11-09
8888,986,5,7,2026-06-14
8889,214,18,3,2025-12-24
8890,81,12,6,2026-04-24
8891,293,24,1,2025-12-02
8892,549,45,1,2026-01-09
8893,587,22,10,2026-04-25
8894,940,20,9,2026-07-21
8895,90,22,3,2025-09-24
8896,779,26,10,2026-05-08
8897,147,21,6,2026-01-14
8898,590,25,7,2025-09-04
8899,310,29,3,2025-12-13
8900,116,16,1,2026-08-09
8901,465,18,3,2025-08-14
8902,246,24,10,2026-06-01
8903,122,18,3,2025-11-24
8904,395,8,5,2025-12-03
8905,54,43,5,2025-12-18
8906,667,35,10,2026-03-27
8907,201,16,3,2026-03-26
8908,964,27,2,2025-09-04
8909,309,50,6,2025-10-21
8910,908,20,4,2025-08-26
8911,736,4,8,2025-12-03
8912,581,27,4,2026-04-01
8913,674,50,8,2025-11-29
8914,232,7,1,2025-12-08
8915,31,35,2,2025-09-15
8916,508,34,6,2026-03-31
8917,942,11,3,2025-09-01
8918,955,8,2,2026-07-10
8919,378,47,9,2025-10-16
8920,458,6,9,2026-06-22
8921,288,21,3,2026-04-13
8922,215,24,5,2026-06-08
8923,757,12,7,2025-09-06
8924,911,33,8,2026-04-04
8925,266,18,8,2025-12-06
8926,50,8,8,2025-12-06
8927,199,42,3,2025-11-17
8928,891,42,1,2026-05-13
8929,709,34,7,2026-03-17
8930,816,22,3,2025-10-15
8931,228,29,8,2026-04-01
8932,464,9,10,2025-10-14
8933,441,26,6,2026-02-03
8934,417,13,4,2026-04-29
8935,480,1,2,2026-01-17
8936,286,4,1,2026-04-12
8937,948,49,6,2026-08-12
8938,835,10,8,2026-03-19
8939,955,35,2,2026-05-22
8940,26,24,6,2026-03-08
8941,665,34,1,2025-11-05
8942,38,2,3,2026-02-24
8943,496,44,3,2025-09-15
8944,747,9,2,2025-11-11
8945,317,12,6,2026-06-13
8946,475,43,4,2026-03-28
8947,123,28,1,2026-02-26
8948,619,20,4,2026-05-15
8949,991,37,2,2026-03-22
8950,788,14,7,2025-08-17
8951,542,41,2,2026-03-27
8952,507,11,1,2025-11-04
8953,204,8,4,2026-05-29
8954,388,40,6,2025-09-27
8955,360,46,3,2026-04-08
8956,531,50,7,2026-06-22
8957,181,47,1,2025-11-27
8958,616,42,3,2025-12-28
8959,590,47,8,2026-04-15
8960,803,16,6,2026-02-15
8961,131,47,6,2025-10-19
8962,990,40,6,2026-01-09
8963,848,43,4,2025-10-24
8964,932,16,3,2025-11-29
8965,174,10,8,2026-02-17
8966,233,45,10,2026-03-21
8967,195,34,10,2026-07-26
8968,623,12,1,2025-11-14
8969,295,24,8,2026-01-31
8970,708,45,4,2025-09-18
8971,801,23,4,2026-07-28
8972,133,15,7,2026-02-20
8973,438,6,9,2026-01-18
8974,359,3,8,2026-03-24
8975,407,6,1,2026-05-06
8976,565,30,1,2026-02-13
8977,524,12,7,2026-05-23
8978,622,32,2,2025-12-22
8979,783,33,3,2025-11-25
8980,850,13,7,2025-11-24
8981,40,7,1,2026-05-05
8982,504,8,3,2025-10-15
8983,406,7,6,2026-07-23
8984,661,36,4,2026-07-23
8985,915,36,9,2026-03-02
8986,648,12,2,2025-12-15
8987,987,32,7,2026-01-23
8988,946,46,5,2025-10-25
8989,547,17,7,2026-06-08
8990,490,13,6,2025-08-19
8991,454,49,5,2026-06-23
8992,135,10,4,2025-10-10
8993,994,14,3,2026-05-16
8994,146,11,9,2026-03-04
8995,18,41,2,2026-07-08
8996,773,39,5,2026-02-19
8997,260,10,6,2026-03-27
8998,574,43,10,2025-12-26
8999,158,46,3,2025-11-19
9000,183,47,6,2026-08-07
9001,415,4,7,2026-02-03
9002,188,40,6,2026-03-31
9003,217,24,1,2025-08-15
9004,922,25,4,2026-03-08
9005,854,41,8,2026-06-03
9006,886,16,2,2026-03-21
9007,876,42,2,2026-07-29
9008,545,4,5,2025-11-23
9009,407,44,8,2025-10-27
9010,283,7,4,2026-03-19
9011,7,32,6,2026-06-15
9012,235,36,5,2026-01-31
9013,791,8,9,2025-12-10
9014,332,10,1,2025-11-14
9015,910,43,2,2025-09-26
9016,226,50,7,2026-03-01
9017,179,26,1,2025-10-24
9018,521,19,7,2025-08-25
9019,235,37,8,2026-03-16
9020,673,24,7,2026-03-15
9021,65,21,5,2025-11-20
9022,810,31,1,2026-03-01
9023,371,21,5,2026-07-25
9024,583,5,3,2025-10-28
9025,960,41,2,2025-11-20
9026,378,6,7,2025-11-24
9027,738,18,2,2026-05-06
9028,80,37,6,2026-04-05
9029,338,28,5,2026-04-13
9030,18,37,2,2026-02-16
9031,591,47,7,2026-01-17
9032,607,14,10,2026-01-23
9033,329,29,9,2026-02-25
9034,509,23,3,2026-03-12
9035,62,31,1,2026-01-26
9036,831,9,1,2026-01-08
9037,260,11,7,2025-09-19
9038,1000,11,1,2026-04-25
9039,73,40,8,2026-06-20
9040,99,9,2,2025-08-20
9041,154,20,2,2026-06-23
9042,964,13,10,2026-06-20
9043,250,49,7,2026-03-13
9044,928,40,7,2025-09-12
9045,474,35,10,2025-11-15
9046,663,30,7,2026-01-20
9047,38,37,9,2025-09-11
9048,486,14,2,2025-08-21
9049,169,28,8,2026-05-16
9050,915,31,4,2026-05-31
9051,82,39,3,2025-11-15
9052,136,29,7,2026-07-26
9053,692,49,1,2026-04-30
9054,472,22,10,2026-07-23
9055,987,34,9,2025-09-18
9056,637,31,9,2026-01-02
9057,431,23,4,2026-06-11
9058,861,41,4,2026-01-12
9059,964,41,10,2026-05-05
9060,922,45,5,2025-08-12
9061,208,8,10,2025-12-13
9062,94,41,7,2026-02-26
9063,337,20,4,2026-02-12
9064,32,33,10,2026-07-23
9065,653,22,3,2026-04-20
9066,239,8,3,2025-12-30
9067,47,11,2,2026-04-11
9068,601,5,6,2025-11-15
9069,863,2,6,2026-07-02
9070,498,25,5,2026-04-19
9071,290,37,8,2025-10-25
9072,819,19,8,2026-04-23
9073,8,46,1,2026-08-01
9074,2,9,7,2025-12-24
9075,992,36,8,2026-07-02
9076,406,20,5,2026-08-06
9077,558,43,7,2026-03-10
9078,509,26,5,2025-12-09
9079,587,29,10,2026-07-01
9080,461,20,2,2026-08-10
9081,430,13,7,2025-11-21
9082,912,23,7,2026-05-16
9083,708,3,5,2025-08-18
9084,879,22,1,2025-12-12
9085,24,27,4,2026-01-08
9086,362,21,4,2026-06-21
9087,482,13,1,2026-03-11
9088,603,48,7,2026-07-25
9089,999,18,10,2026-02-05
9090,437,40,3,2025-12-03
9091,986,30,8,2025-09-30
9092,81,8,10,2026-04-29
9093,666,23,3,2026-07-07
9094,583,45,7,2026-07-07
9095,229,21,4,2026-05-30
9096,51,45,6,2026-01-18
9097,608,30,1,2026-01-31
9098,184,24,6,2026-04-26
9099,113,11,9,2026-03-15
9100,165,30,7,2026-07-07
9101,691,14,7,2026-06-01
9102,307,16,2,2025-09-26
9103,874,21,10,2026-07-28
9104,297,34,10,2026-06-17
9105,871,36,10,2025-12-10
9106,782,22,10,2026-08-05
9107,403,23,5,2026-04-18
9108,424,43,7,2025-11-08
9109,254,20,6,2025-12-08
9110,772,17,5,2026-04-27
9111,764,15,5,2026-02-07
9112,727,17,2,2026-05-11
9113,811,20,10,2026-05-15
9114,125,26,10,2026-06-28
9115,951,39,10,2025-11-30
9116,251,49,10,2026-08-10
9117,249,46,5,2025-09-07
9118,283,38,8,2026-01-09
9119,292,15,10,2026-05-15
9120,903,18,7,2026-02-17
9121,271,2,9,2025-11-25
9122,778,44,9,2025-11-09
9123,176,10,4,2026-05-13
9124,49,38,6,2026-06-22
9125,513,27,3,2026-06-25
9126,620,47,8,2026-04-14
9127,741,14,10,2025-10-22
9128,686,35,9,2026-02-15
9129,597,18,2,2025-10-31
9130,256,11,2,2026-05-02
9131,991,1,10,2025-09-11
9132,457,9,1,2026-05-20
9133,708,12,2,2026-06-19
9134,882,31,1,2025-10-02
9135,491,21,5,2026-03-01
9136,921,34,6,2025-12-28
9137,198,19,7,2025-12-12
9138,380,22,8,2026-07-31
9139,820,38,3,2026-03-23
9140,880,50,3,2025-10-27
9141,39,16,1,2026-05-16
9142,44,20,5,2026-04-04
9143,581,28,5,2026-02-12
9144,391,5,3,2025-12-25
9145,741,40,4,2026-07-09
9146,581,4,1,2026-07-08
9147,145,48,6,2026-02-07
9148,110,9,2,2025-12-18
9149,209,47,8,2025-12-27
9150,342,26,6,2026-02-01
9151,542,46,10,2026-07-04
9152,402,13,6,2025-12-31
9153,597,22,8,2026-01-10
9154,987,1,9,2025-08-30
9155,963,28,2,2025-10-22
9156,945,37,10,2026-01-13
9157,224,5,5,2025-11-12
9158,723,24,9,2026-04-17
9159,306,13,5,2025-10-28
9160,713,21,7,2026-03-17
9161,398,15,2,2026-01-06
9162,75,15,9,2026-05-24
9163,564,24,1,2025-12-28
9164,907,14,5,2026-05-09
9165,912,12,4,2025-11-09
9166,849,27,3,2025-09-19
9167,956,43,3,2025-09-07
9168,35,16,4,2026-07-30
9169,318,30,5,2025-10-22
9170,188,17,7,2025-12-25
9171,213,42,2,2026-04-17
9172,20,20,4,2025-09-13
9173,680,29,10,2026-04-30
9174,426,33,7,2026-05-10
9175,801,35,1,2025-08-29
9176,34,36,6,2026-07-01
9177,728,46,3,2026-06-14
9178,583,18,7,2026-07-02
9179,772,38,1,2025-11-30
9180,157,42,2,2026-06-25
9181,663,43,8,2026-01-27
9182,449,19,2,2026-07-02
9183,477,17,4,2025-10-14
9184,39,20,4,2026-01-10
9185,862,21,1,2025-09-30
9186,159,15,9,2025-11-09
9187,813,24,1,2026-01-02
9188,168,11,9,2026-02-24
9189,625,18,7,2026-04-23
9190,401,22,3,2026-02-14
9191,460,49,6,2026-07-08
9192,748,49,3,2026-03-02
9193,204,13,3,2026-07-02
9194,533,10,10,2026-02-06
9195,813,15,1,2026-02-09
9196,140,2,3,2026-05-25
9197,339,26,10,2026-07-31
9198,111,14,4,2026-06-22
9199,899,1,4,2026-03-24
9200,23,15,4,2026-04-19
9201,260,27,8,2026-04-06
9202,452,5,2,2026-07-22
9203,687,28,8,2026-06-15
9204,374,1,8,2026-04-29
9205,877,28,3,2025-10-01
9206,795,31,10,2025-12-19
9207,625,23,6,2025-10-20
9208,256,48,1,2026-05-13
9209,178,18,6,2026-05-27
9210,216,4,2,2026-06-29
9211,965,12,4,2026-06-26
9212,753,38,9,2026-07-30
9213,789,17,8,2026-05-25
9214,175,16,1,2026-02-02
9215,222,18,3,2026-01-29
9216,48,9,9,2026-03-04
9217,304,30,2,2025-11-22
9218,970,38,1,2025-11-17
9219,94,30,3,2025-10-06
9220,981,11,3,2026-07-28
9221,300,4,6,2026-02-03
9222,60,29,7,2026-01-30
9223,939,17,9,2025-09-10
9224,474,47,2,2026-03-18
9225,852,31,8,2025-12-18
9226,329,17,7,2025-11-29
9227,109,40,10,2025-09-08
9228,959,12,5,2026-05-15
9229,52,25,6,2026-05-19
9230,656,35,4,2026-04-07
9231,550,29,3,2025-10-27
9232,808,44,8,2026-03-27
9233,645,10,6,2025-09-02
9234,518,5,3,2025-08-23
9235,160,21,10,2026-05-01
9236,42,38,6,2026-03-08
9237,395,26,9,2025-11-21
9238,289,46,5,2025-08-24
9239,937,33,3,2026-01-08
9240,970,16,8,2026-01-04
9241,256,41,4,2026-05-04
9242,463,37,2,2025-10-05
9243,814,12,2,2026-05-11
9244,134,6,2,2026-05-03
9245,49,8,9,2025-12-15
9246,469,33,1,2026-02-20
9247,242,45,6,2026-07-28
9248,705,36,7,2025-12-12
9249,827,48,10,2026-04-09
9250,52,43,2,2025-12-23
9251,466,4,8,2025-12-15
9252,299,45,1,2025-10-16
9253,818,41,4,2025-10-24
9254,613,10,6,2026-04-16
9255,107,38,10,2026-07-22
9256,633,17,6,2026-01-16
9257,183,39,6,2025-08-23
9258,753,49,2,2026-04-19
9259,506,7,3,2026-07-13
9260,180,10,8,2026-05-18
9261,969,25,5,2026-06-23
9262,256,15,9,2025-08-25
9263,466,12,3,2026-01-29
9264,22,24,5,2026-06-21
9265,154,10,2,2026-03-08
9266,385,12,7,2025-09-09
9267,696,21,5,2025-09-02
9268,606,42,7,2025-11-09
9269,871,13,4,2025-12-02
9270,758,48,1,2026-08-09
9271,709,35,4,2026-04-12
9272,208,19,5,2026-06-09
9273,310,29,1,2025-09-09
9274,313,33,9,2026-03-19
9275,512,33,10,2026-05-19
9276,595,22,1,2026-02-11
9277,278,30,1,2026-03-16
9278,824,11,1,2026-01-05
9279,881,24,10,2025-12-05
9280,700,25,9,2025-09-10
9281,701,23,2,2026-02-28
9282,627,50,6,2026-04-18
9283,195,44,8,2025-12-06
9284,509,17,10,2025-10-29
9285,719,12,7,2026-07-29
9286,438,41,4,2026-05-27
9287,164,39,6,2025-11-21
9288,425,15,5,2026-01-15
9289,190,29,8,2025-12-04
9290,486,21,3,2025-12-02
9291,164,23,10,2026-01-23
9292,158,2,7,2026-07-15
9293,83,26,6,2026-02-14
9294,556,6,3,2026-05-18
9295,829,39,3,2026-01-08
9296,29,42,6,2026-02-06
9297,587,47,3,2025-08-12
9298,155,38,5,2026-05-02
9299,120,5,6,2026-05-07
9300,947,50,7,2026-01-09
9301,224,3,3,2026-04-14
9302,606,21,6,2026-06-22
9303,776,43,10,2026-06-13
9304,412,15,7,2026-02-28
9305,251,30,3,2025-10-04
9306,662,27,3,2026-03-24
9307,847,40,5,2026-05-09
9308,681,49,3,2026-04-29
9309,44,28,7,2025-12-25
9310,78,22,5,2025-12-15
9311,639,33,1,2026-03-19
9312,662,43,9,2025-12-27
9313,348,7,4,2026-02-20
9314,210,47,2,2026-03-26
9315,229,42,9,2025-11-21
9316,779,3,1,2025-10-11
9317,280,37,9,2025-11-05
9318,873,15,3,2025-11-04
9319,66,42,2,2026-05-06
9320,182,10,2,2026-03-10
9321,973,12,2,2025-10-19
9322,382,48,5,2026-01-13
9323,524,43,2,2025-11-24
9324,729,24,9,2025-08-18
9325,158,28,9,2025-11-21
9326,428,35,8,2026-02-04
9327,412,20,1,2025-11-08
9328,107,49,10,2026-02-23
9329,113,34,6,2025-10-14
9330,269,36,9,2025-10-07
9331,60,25,5,2025-11-12
9332,313,49,3,2025-12-19
9333,858,44,1,2025-10-30
9334,44,25,3,2025-09-13
9335,584,33,8,2026-01-01
9336,453,41,9,2025-08-23
9337,492,16,6,2026-02-05
9338,534,21,7,2026-01-24
9339,654,26,5,2025-11-09
9340,969,26,5,2026-03-01
9341,794,48,2,2026-06-14
9342,611,28,3,2025-11-12
9343,223,19,3,2026-05-07
9344,115,40,3,2026-02-11
9345,733,28,3,2025-10-12
9346,184,5,4,2026-01-25
9347,188,2,5,2026-06-24
9348,707,5,1,2026-06-10
9349,292,11,10,2025-08-12
9350,260,35,4,2025-12-09
9351,815,8,5,2025-11-16
9352,751,32,9,2025-09-18
9353,940,37,2,2026-07-18
9354,93,31,10,2026-05-12
9355,458,10,7,2026-04-15
9356,603,40,10,2026-07-13
9357,628,18,10,2025-11-02
9358,708,34,2,2026-02-12
9359,668,11,9,2026-04-05
9360,716,13,2,2026-06-14
9361,754,36,1,2026-08-10
9362,59,15,7,2026-02-24
9363,433,27,1,2026-05-12
9364,756,45,3,2026-04-25
9365,724,1,1,2026-06-22
9366,6,23,4,2026-01-10
9367,766,11,9,2026-07-16
9368,345,13,9,2026-06-24
9369,406,13,2,2026-02-03
9370,4,21,1,2025-09-15
9371,335,12,5,2025-09-14
9372,251,34,4,2025-10-25
9373,564,46,1,2025-12-24
9374,958,23,9,2026-02-13
9375,706,11,7,2025-10-19
9376,863,40,3,2025-10-02
9377,676,50,10,2026-02-16
9378,786,40,1,2025-10-22
9379,62,29,7,2026-07-07
9380,547,45,7,2026-08-02
9381,168,30,7,2026-05-21
9382,956,16,4,2026-02-23
9383,182,36,4,2025-09-09
9384,904,33,10,2025-10-27
9385,915,25,4,2026-03-27
9386,220,31,7,2026-02-20
9387,922,48,2,2026-02-24
9388,518,22,2,2026-04-02
9389,905,41,9,2026-04-22
9390,935,49,7,2026-02-06
9391,182,26,8,2026-03-20
9392,108,16,7,2025-12-15
9393,566,20,2,2026-03-27
9394,1,5,4,2026-03-26
9395,159,43,9,2026-06-04
9396,811,11,4,2026-02-19
9397,922,15,10,2026-04-27
9398,157,7,9,2026-04-16
9399,870,33,4,2026-08-03
9400,358,12,8,2026-07-13
9401,755,39,2,2026-08-02
9402,542,31,6,2026-03-02
9403,726,49,1,2025-12-27
9404,416,31,8,2025-12-22
9405,395,7,1,2026-02-17
9406,433,49,6,2026-07-02
9407,846,38,3,2026-06-24
9408,7,41,9,2025-12-27
9409,536,7,5,2025-12-16
9410,254,50,2,2026-03-27
9411,637,9,8,2025-10-29
9412,622,29,7,2025-10-26
9413,120,30,9,2026-06-20
9414,712,8,6,2026-03-15
9415,994,38,7,2025-12-03
9416,594,35,4,2026-05-17
9417,555,45,5,2026-03-09
9418,359,43,8,2026-02-28
9419,183,48,1,2026-05-01
9420,734,47,3,2025-08-27
9421,719,26,7,2025-09-01
9422,378,45,7,2025-10-22
9423,547,25,3,2026-02-23
9424,627,23,10,2026-06-07
9425,850,7,3,2026-06-25
9426,332,29,4,2025-10-20
9427,316,40,9,2025-09-27
9428,608,37,3,2026-03-22
9429,352,21,4,2026-06-06
9430,617,18,7,2025-12-04
9431,644,41,1,2025-10-08
9432,783,29,5,2026-04-21
9433,908,9,10,2026-06-28
9434,883,39,1,2026-03-10
9435,456,18,8,2026-05-11
9436,147,49,10,2025-11-08
9437,422,28,10,2026-05-18
9438,312,5,8,2025-08-31
9439,588,40,7,2026-03-15
9440,497,2,9,2026-07-16
9441,4,36,10,2025-10-14
9442,469,20,8,2026-02-16
9443,262,36,6,2025-10-07
9444,703,40,10,2026-07-09
9445,292,26,5,2025-11-28
9446,78,33,4,2026-08-09
9447,822,39,9,2025-11-28
9448,868,20,2,2026-01-05
9449,421,30,4,2025-10-22
9450,296,30,9,2025-09-11
9451,967,41,6,2026-07-01
9452,212,26,10,2025-12-20
9453,550,35,2,2025-10-22
9454,390,19,10,2025-08-31
9455,547,2,5,2025-09-03
9456,297,21,1,2025-11-01
9457,812,39,3,2025-10-20
9458,679,41,9,2026-06-03
9459,826,26,1,2025-11-28
9460,335,11,2,2026-01-23
9461,856,3,3,2026-02-23
9462,409,9,8,2026-04-14
9463,41,26,7,2025-09-17
9464,297,36,10,2025-08-29
9465,924,4,1,2026-08-12
9466,861,35,3,2026-05-09
9467,278,35,5,2025-12-21
9468,368,34,2,2026-02-28
9469,789,15,1,2026-04-11
9470,570,35,10,2025-12-04
9471,569,13,1,2026-01-26
9472,338,31,5,2026-05-10
9473,683,35,9,2026-04-28
9474,243,40,10,2025-11-06
9475,755,31,5,2026-05-31
9476,854,48,2,2025-12-09
9477,567,23,7,2026-07-02
9478,887,16,1,2025-09-24
9479,153,29,6,2026-03-04
9480,938,1,1,2026-08-03
9481,1,14,1,2026-03-18
9482,696,23,7,2025-09-16
9483,779,44,7,2026-01-07
9484,105,38,10,2026-03-24
9485,365,42,4,2026-07-09
9486,18,23,7,2025-11-17
9487,300,7,9,2025-10-06
9488,268,50,10,2026-01-11
9489,197,29,9,2026-04-19
9490,681,19,7,2026-07-20
9491,460,37,1,2026-07-13
9492,515,49,8,2026-06-02
9493,936,47,1,2025-08-20
9494,670,8,9,2026-08-02
9495,484,11,7,2026-07-13
9496,900,42,1,2026-05-12
9497,32,8,4,2026-08-06
9498,438,24,2,2025-12-29
9499,49,15,5,2026-03-25
9500,941,19,5,2025-08-18
9501,973,17,3,2026-07-05
9502,616,39,1,2026-07-03
9503,403,31,5,2026-06-19
9504,682,22,7,2026-05-04
9505,573,26,6,2026-04-01
9506,169,20,1,2025-10-09
9507,387,10,3,2025-11-11
9508,120,21,6,2026-05-31
9509,626,39,7,2025-09-26
9510,894,31,3,2026-02-24
9511,323,28,3,2026-01-11
9512,189,12,2,2026-02-12
9513,624,1,6,2025-09-27
9514,242,14,5,2026-04-20
9515,451,2,5,2026-03-31
9516,511,20,8,2026-02-10
9517,923,25,5,2026-07-17
9518,555,19,6,2026-01-06
9519,382,39,4,2026-04-07
9520,616,28,6,2025-12-29
9521,175,7,4,2026-03-26
9522,548,15,6,2026-05-24
9523,7,32,2,2026-07-27
9524,993,9,5,2025-08-23
9525,342,47,6,2025-10-21
9526,224,7,3,2025-11-19
9527,719,39,1,2026-03-09
9528,4,48,4,2026-07-19
9529,404,9,3,2025-09-12
9530,970,6,2,2025-08-13
9531,952,46,8,2025-12-16
9532,243,50,3,2025-11-04
9533,649,30,8,2026-04-11
9534,161,28,5,2026-04-01
9535,549,42,9,2026-07-15
9536,750,16,10,2026-07-24
9537,355,36,6,2025-12-18
9538,730,44,6,2025-09-28
9539,568,21,3,2025-09-29
9540,186,38,5,2026-03-29
9541,175,44,6,2025-08-29
9542,144,46,6,2025-10-24
9543,104,26,2,2025-10-04
9544,515,21,8,2025-08-29
9545,378,40,2,2026-04-05
9546,460,5,1,2026-01-28
9547,345,4,9,2026-06-17
9548,873,41,1,2026-03-04
9549,372,20,10,2026-03-25
9550,95,17,8,2026-05-08
9551,466,20,5,2025-11-12
9552,483,15,6,2025-10-21
9553,654,14,6,2026-01-28
9554,791,10,5,2025-09-25
9555,449,34,5,2026-03-23
9556,115,30,2,2025-09-13
9557,365,38,5,2025-12-12
9558,720,37,8,2026-07-07
9559,205,17,5,2026-06-04
9560,868,39,4,2025-12-11
9561,38,22,4,2026-08-11
9562,501,33,9,2026-07-01
9563,32,15,4,2026-06-01
9564,128,34,4,2025-08-20
9565,432,6,2,2026-07-18
9566,705,13,4,2026-07-12
9567,846,42,9,2026-07-24
9568,941,39,3,2026-01-05
9569,438,3,9,2026-06-03
9570,486,33,9,2025-08-28
9571,911,12,9,2026-03-02
9572,70,23,3,2025-10-14
9573,492,35,8,2026-07-20
9574,202,1,5,2025-10-17
9575,848,36,7,2025-08-16
9576,189,21,2,2026-05-25
9577,321,12,2,2026-06-18
9578,456,45,5,2026-07-02
9579,419,21,4,2025-11-16
9580,949,21,4,2026-07-27
9581,495,33,1,2026-01-05
9582,104,33,10,2026-08-05
9583,885,7,6,2026-07-31
9584,436,44,8,2025-08-27
9585,193,19,5,2026-03-12
9586,891,25,8,2025-11-14
9587,90,48,8,2025-09-11
9588,454,48,7,2026-02-11
9589,956,11,10,2026-05-05
9590,829,26,10,2026-02-12
9591,955,5,5,2026-01-18
9592,230,14,7,2026-07-30
9593,140,38,10,2025-11-15
9594,590,17,7,2025-08-24
9595,645,28,5,2026-07-07
9596,995,22,1,2025-12-10
9597,625,38,10,2026-06-15
9598,600,2,1,2026-01-16
9599,115,4,9,2025-09-30
9600,610,36,6,2026-02-16
9601,492,15,10,2026-02-08
9602,18,35,4,2026-02-14
9603,853,44,6,2026-02-14
9604,168,7,2,2026-05-05
9605,554,39,7,2025-12-29
9606,680,34,5,2026-01-14
9607,927,19,3,2026-08-06
9608,667,19,7,2026-08-04
9609,284,48,9,2026-03-28
9610,796,34,5,2025-11-06
9611,635,49,10,2025-10-26
9612,742,30,10,2026-04-10
9613,380,29,3,2025-08-31
9614,575,24,8,2026-04-05
9615,337,41,10,2026-07-01
9616,357,49,9,2025-10-01
9617,130,34,2,2026-03-16
9618,863,38,1,2026-07-01
9619,184,10,2,2026-08-10
9620,452,48,10,2026-05-31
9621,474,47,9,2026-06-25
9622,624,43,2,2026-03-03
9623,840,9,5,2025-08-15
9624,542,35,4,2025-11-22
9625,655,39,8,2026-06-12
9626,921,6,8,2025-11-21
9627,15,22,10,2026-05-14
9628,542,20,5,2026-07-08
9629,948,22,2,2025-09-10
9630,809,18,4,2026-03-11
9631,436,32,3,2025-08-17
9632,536,26,9,2026-02-14
9633,108,6,3,2025-10-26
9634,744,14,1,2025-09-25
9635,215,34,9,2026-05-02
9636,350,49,7,2025-11-13
9637,870,35,2,2026-08-11
9638,794,6,10,2026-03-14
9639,252,40,8,2026-08-09
9640,855,35,2,2025-12-08
9641,282,22,10,2025-11-09
9642,12,2,10,2025-10-12
9643,673,47,10,2026-05-01
9644,646,11,2,2025-11-26
9645,456,30,10,2025-09-07
9646,49,24,6,2026-04-29
9647,152,36,7,2025-09-25
9648,947,28,10,2026-01-27
9649,213,15,6,2026-03-06
9650,92,41,6,2025-08-29
9651,763,33,9,2025-12-22
9652,769,2,8,2025-12-02
9653,985,48,1,2025-09-27
9654,788,43,6,2025-11-07
9655,200,9,7,2025-12-21
9656,21,48,2,2025-09-15
9657,125,37,4,2026-05-08
9658,807,38,2,2026-02-01
9659,11,16,9,2026-04-03
9660,129,37,8,2026-06-08
9661,315,9,6,2025-12-11
9662,358,8,4,2025-10-31
9663,741,28,1,2026-04-09
9664,588,4,9,2026-01-03
9665,336,35,2,2025-08-14
9666,877,33,2,2026-03-03
9667,44,19,6,2026-06-24
9668,63,9,5,2026-05-16
9669,218,46,8,2026-01-06
9670,212,26,2,2026-03-29
9671,928,22,9,2026-05-12
9672,509,14,7,2026-01-10
9673,776,26,3,2026-05-31
9674,937,29,2,2025-12-29
9675,223,45,6,2026-04-10
9676,522,47,10,2026-03-17
9677,411,37,4,2025-10-12
9678,215,23,4,2026-05-22
9679,818,40,1,2026-07-21
9680,722,1,6,2026-02-23
9681,558,21,7,2025-10-18
9682,93,24,5,2026-07-02
9683,462,43,4,2026-02-20
9684,89,42,6,2025-10-11
9685,882,25,7,2026-02-24
9686,246,38,8,2025-08-12
9687,582,12,6,2026-05-18
9688,356,8,2,2026-02-20
9689,389,19,4,2025-10-07
9690,403,44,10,2025-12-26
9691,44,43,3,2025-08-27
9692,859,33,4,2026-07-06
9693,483,32,3,2026-02-16
9694,468,2,3,2026-01-15
9695,558,39,7,2026-05-05
9696,785,42,7,2026-04-18
9697,420,1,6,2026-06-12
9698,937,16,5,2026-02-05
9699,182,34,2,2026-01-08
9700,387,17,5,2026-02-09
9701,71,46,7,2025-08-18
9702,79,3,2,2026-07-25
9703,639,45,8,2025-11-21
9704,982,21,4,2026-06-01
9705,343,35,5,2025-10-31
9706,420,17,1,2026-08-03
9707,999,24,2,2026-05-07
9708,39,13,9,2026-03-10
9709,560,1,3,2026-06-12
9710,503,14,1,2026-02-01
9711,271,10,8,2025-10-04
9712,430,14,7,2025-11-04
9713,138,33,2,2026-04-01
9714,270,41,5,2025-09-10
9715,693,18,8,2026-02-02
9716,119,34,10,2026-07-06
9717,236,38,6,2026-04-19
9718,814,14,1,2026-04-28
9719,590,27,10,2026-03-19
9720,817,3,7,2025-10-09
9721,508,26,5,2026-02-12
9722,712,49,10,2026-03-27
9723,642,45,1,2025-11-20
9724,584,12,3,2026-04-28
9725,518,35,5,2026-07-31
9726,962,40,9,2025-09-12
9727,466,49,5,2026-04-20
9728,893,21,6,2026-04-27
9729,115,46,4,2025-11-26
9730,852,50,6,2026-02-20
9731,551,48,8,2026-04-19
9732,140,32,2,2026-08-06
9733,465,18,4,2025-10-08
9734,22,42,7,2026-01-21
9735,826,36,9,2026-05-17
9736,123,7,7,2026-06-15
9737,860,18,1,2026-04-07
9738,208,20,4,2026-05-28
9739,605,33,9,2026-03-26
9740,923,5,9,2026-01-14
9741,506,14,9,2025-12-12
9742,482,29,6,2025-11-18
9743,985,33,4,2026-01-07
9744,750,15,4,2026-05-27
9745,415,19,8,2025-09-07
9746,461,1,5,2025-12-21
9747,97,15,1,2026-04-03
9748,620,1,10,2025-12-03
9749,936,8,6,2025-09-21
9750,198,33,7,2026-01-06
9751,993,2,3,2026-02-21
9752,559,9,7,2026-01-15
9753,137,23,5,2026-07-20
9754,807,11,1,2025-08-14
9755,947,17,2,2026-06-04
9756,671,11,4,2026-03-07
9757,916,6,10,2025-10-26
9758,36,47,6,2026-05-08
9759,462,30,3,2026-06-07
9760,8,18,5,2025-09-03
9761,68,2,1,2025-09-21
9762,725,45,8,2026-05-26
9763,707,38,5,2026-06-14
9764,103,37,4,2025-09-12
9765,164,18,6,2026-05-08
9766,800,16,9,2026-03-10
9767,659,5,1,2026-04-07
9768,637,31,10,2025-10-07
9769,317,7,3,2026-07-15
9770,148,49,5,2025-10-03
9771,558,30,1,2026-02-19
9772,602,47,9,2026-05-16
9773,487,10,7,2026-05-28
9774,262,37,7,2025-10-29
9775,210,12,3,2026-05-21
9776,383,6,8,2026-03-19
9777,863,20,3,2026-02-03
9778,190,19,1,2026-01-09
9779,272,45,4,2025-08-29
9780,177,27,2,2026-03-30
9781,111,35,10,2026-05-19
9782,53,3,4,2026-01-18
9783,313,25,9,2026-04-23
9784,442,7,7,2026-07-27
9785,221,4,8,2026-06-02
9786,13,10,9,2026-06-27
9787,409,29,3,2026-08-02
9788,58,10,1,2025-11-20
9789,33,39,6,2026-05-29
9790,799,16,7,2025-10-22
9791,915,27,3,2025-11-29
9792,72,37,6,2025-08-13
9793,202,27,9,2026-06-14
9794,598,2,1,2025-12-12
9795,348,30,8,2025-10-31
9796,620,21,1,2026-05-12
9797,62,7,8,2025-12-27
9798,250,9,6,2026-06-30
9799,979,37,1,2026-01-05
9800,27,30,4,2026-08-08
9801,631,30,2,2026-02-05
9802,195,49,1,2026-07-17
9803,671,29,3,2025-12-09
9804,165,6,2,2025-11-19
9805,210,35,7,2026-06-30
9806,580,3,9,2025-12-16
9807,484,5,7,2026-03-14
9808,508,10,3,2026-07-04
9809,123,2,5,2025-08-26
9810,324,46,5,2026-07-03
9811,762,27,2,2026-02-05
9812,508,8,10,2025-11-17
9813,172,36,2,2026-05-12
9814,486,1,8,2026-08-09
9815,263,20,4,2026-03-31
9816,417,4,3,2025-10-01
9817,845,15,5,2025-09-30
9818,301,9,3,2026-03-30
9819,370,10,2,2026-05-13
9820,664,26,1,2026-01-03
9821,148,22,3,2026-04-24
9822,220,38,5,2026-05-29
9823,774,6,3,2026-03-28
9824,978,47,1,2025-09-04
9825,598,18,5,2026-03-19
9826,760,29,8,2025-10-07
9827,905,12,7,2026-02-22
9828,632,2,4,2026-08-06
9829,691,12,7,2026-01-08
9830,657,41,6,2026-05-09
9831,324,7,4,2026-07-16
9832,946,9,8,2025-10-07
9833,419,6,8,2026-02-11
9834,618,20,9,2026-05-09
9835,25,44,3,2025-10-13
9836,277,23,6,2025-09-12
9837,599,35,6,2026-06-30
9838,115,25,1,2025-12-20
9839,135,7,2,2025-12-07
9840,589,43,2,2026-07-02
9841,328,35,10,2026-05-26
9842,945,6,3,2026-06-14
9843,825,28,9,2025-10-30
9844,902,26,5,2025-11-09
9845,751,39,9,2025-08-19
9846,907,27,5,2026-02-09
9847,491,36,7,2025-12-14
9848,811,33,7,2025-12-07
9849,130,14,8,2025-10-01
9850,389,4,1,2026-07-12
9851,513,34,5,2025-12-31
9852,320,30,5,2026-01-11
9853,25,33,4,2025-10-30
9854,449,43,9,2026-03-22
9855,1000,6,10,2026-01-04
9856,113,37,1,2026-04-03
9857,503,19,10,2025-11-17
9858,867,37,3,2026-05-12
9859,88,28,5,2025-08-12
9860,45,4,7,2026-03-05
9861,585,48,9,2026-05-23
9862,956,50,4,2025-08-20
9863,403,39,3,2026-02-03
9864,854,13,6,2025-12-15
9865,236,18,9,2026-04-12
9866,276,33,7,2026-07-05
9867,277,29,1,2026-04-24
9868,517,11,2,2026-07-21
9869,230,37,9,2026-03-22
9870,421,21,5,2025-09-04
9871,443,12,3,2026-02-04
9872,732,1,3,2025-12-25
9873,68,11,4,2025-10-07
9874,762,47,8,2026-04-16
9875,703,48,3,2025-11-21
9876,888,1,6,2025-09-16
9877,925,22,1,2025-12-02
9878,900,14,4,2026-05-24
9879,3,4,1,2025-12-14
9880,19,36,9,2026-04-15
9881,386,16,5,2026-01-16
9882,762,46,7,2025-11-20
9883,465,16,10,2026-02-26
9884,114,40,1,2026-02-18
9885,4,34,9,2026-04-15
9886,586,50,10,2025-11-09
9887,93,8,5,2026-05-24
9888,122,26,1,2025-12-13
9889,24,38,2,2026-03-08
9890,394,37,3,2025-11-19
9891,841,16,3,2026-01-21
9892,702,32,4,2025-12-18
9893,957,30,10,2026-05-24
9894,690,35,10,2026-03-13
9895,745,30,10,2025-08-25
9896,46,25,1,2025-08-18
9897,555,47,6,2025-12-09
9898,308,35,2,2026-05-04
9899,966,36,7,2025-11-16
9900,492,17,7,2026-05-29
9901,251,3,1,2025-10-27
9902,24,39,10,2026-06-13
9903,528,18,4,2025-11-01
9904,256,28,2,2026-05-19
9905,912,7,4,2026-02-24
9906,976,29,2,2026-04-09
9907,952,7,9,2025-09-18
9908,904,6,6,2026-06-22
9909,95,43,10,2026-06-01
9910,569,42,6,2025-10-14
9911,711,17,6,2025-10-02
9912,514,10,10,2025-08-12
9913,986,20,3,2026-03-13
9914,997,2,4,2026-05-19
9915,652,17,1,2026-06-22
9916,71,24,4,2025-08-31
9917,332,49,4,2026-01-07
9918,285,27,7,2026-07-25
9919,31,29,6,2025-11-08
9920,385,37,10,2026-06-24
9921,612,17,5,2025-12-16
9922,596,46,5,2025-12-21
9923,884,26,7,2026-01-28
9924,453,10,1,2025-09-26
9925,98,4,9,2025-08-30
9926,142,18,1,2025-08-29
9927,830,9,9,2025-09-26
9928,933,6,9,2025-12-11
9929,156,9,4,2025-11-12
9930,526,29,10,2026-01-25
9931,945,50,5,2025-11-03
9932,992,1,3,2025-11-25
9933,985,26,3,2026-07-29
9934,35,34,6,2025-11-07
9935,513,5,8,2025-09-07
9936,269,45,6,2026-07-05
9937,927,9,8,2025-11-16
9938,233,23,4,2026-02-24
9939,422,20,3,2025-09-29
9940,974,15,6,2025-12-18
9941,466,2,1,2025-12-23
9942,302,6,3,2026-07-30
9943,635,7,9,2025-12-13
9944,974,9,9,2025-11-13
9945,719,22,2,2025-11-01
9946,563,8,7,2025-11-18
9947,961,5,3,2026-07-31
9948,806,41,6,2026-04-01
9949,355,37,1,2025-12-03
9950,294,43,7,2026-01-03
9951,118,3,1,2025-12-10
9952,476,39,3,2026-04-06
9953,225,4,5,2026-01-30
9954,437,27,1,2026-03-26
9955,56,6,3,2025-12-04
9956,576,16,9,2025-11-07
9957,147,30,2,2025-10-03
9958,31,6,3,2025-12-24
9959,206,9,10,2025-12-26
9960,753,41,7,2026-03-02
9961,71,23,2,2026-06-13
9962,129,2,5,2026-04-15
9963,970,35,6,2026-03-13
9964,12,32,7,2026-08-01
9965,446,49,6,2025-12-15
9966,230,50,5,2026-05-12
9967,320,25,1,2025-11-30
9968,994,20,3,2026-02-06
9969,916,10,8,2026-07-17
9970,430,15,5,2025-09-16
9971,393,2,2,2026-01-08
9972,637,6,6,2025-08-28
9973,243,1,6,2026-05-27
9974,512,47,4,2026-07-11
9975,988,47,5,2026-05-22
9976,504,10,5,2025-11-16
9977,241,23,9,2026-04-03
9978,985,27,2,2026-05-23
9979,503,27,9,2026-01-09
9980,174,11,6,2025-11-07
9981,776,7,3,2026-05-10
9982,846,30,3,2026-04-08
9983,404,29,1,2026-07-30
9984,522,26,7,2025-11-30
9985,721,25,6,2025-08-12
9986,955,45,7,2025-08-18
9987,976,10,3,2025-09-18
9988,283,5,10,2026-01-05
9989,901,29,7,2026-03-17
9990,873,35,8,2026-08-04
9991,523,18,10,2026-03-31
9992,301,31,8,2025-09-16
9993,850,6,3,2026-05-06
9994,593,4,4,2026-02-08
9995,371,1,1,2026-03-15
9996,423,7,9,2026-05-02
9997,311,33,10,2026-06-03
9998,495,20,3,2026-04-22
9999,129,16,6,2026-08-03
10000,885,18,4,2025-09-26
